year,month,source_location,DETECTED CRIME,negative,neutral,positive,total,neg_ratio
2019,4,Aberdeen City,138,,,,,
2019,4,Aberdeenshire,77,,,,,
2019,4,Angus,42,,,,,
2019,4,Argyll and Bute,65,,,,,
2019,4,Clackmannanshire,37,,,,,
2019,4,Dumfries and Galloway,107,,,,,
2019,4,Dundee City,112,,,,,
2019,4,East Ayrshire,94,,,,,
2019,4,East Dunbartonshire,30,,,,,
2019,4,East Lothian,39,,,,,
2019,4,East Renfrewshire,23,,,,,
2019,4,City of Edinburgh,269,,,,,
2019,4,Falkirk,156,,,,,
2019,4,Fife,219,,,,,
2019,4,Glasgow City,512,,,,,
2019,4,Highland,115,,,,,
2019,4,Inverclyde,48,,,,,
2019,4,Midlothian,53,,,,,
2019,4,Moray,44,,,,,
2019,4,North Ayrshire,98,,,,,
2019,4,North Lanarkshire,324,,,,,
2019,4,Orkney Islands,8,,,,,
2019,4,Perth and Kinross,45,,,,,
2019,4,Renfrewshire,103,,,,,
2019,4,Scottish Borders,66,,,,,
2019,4,Shetland Islands,5,,,,,
2019,4,South Ayrshire,83,,,,,
2019,4,South Lanarkshire,248,,,,,
2019,4,Stirling,70,,,,,
2019,4,West Dunbartonshire,83,,,,,
2019,4,West Lothian,78,,,,,
2019,4,Na h-Eileanan Siar,7,,,,,
2019,5,Aberdeen City,102,,,,,
2019,5,Aberdeenshire,63,,,,,
2019,5,Angus,40,,,,,
2019,5,Argyll and Bute,60,,,,,
2019,5,Clackmannanshire,43,,,,,
2019,5,Dumfries and Galloway,146,,,,,
2019,5,Dundee City,106,,,,,
2019,5,East Ayrshire,74,,,,,
2019,5,East Dunbartonshire,47,,,,,
2019,5,East Lothian,35,,,,,
2019,5,East Renfrewshire,21,,,,,
2019,5,City of Edinburgh,285,,,,,
2019,5,Falkirk,100,,,,,
2019,5,Fife,285,,,,,
2019,5,Glasgow City,578,,,,,
2019,5,Highland,127,,,,,
2019,5,Inverclyde,48,,,,,
2019,5,Midlothian,78,,,,,
2019,5,Moray,38,,,,,
2019,5,North Ayrshire,106,,,,,
2019,5,North Lanarkshire,305,,,,,
2019,5,Orkney Islands,8,,,,,
2019,5,Perth and Kinross,48,,,,,
2019,5,Renfrewshire,116,,,,,
2019,5,Scottish Borders,74,,,,,
2019,5,Shetland Islands,10,,,,,
2019,5,South Ayrshire,67,,,,,
2019,5,South Lanarkshire,208,,,,,
2019,5,Stirling,70,,,,,
2019,5,West Dunbartonshire,106,,,,,
2019,5,West Lothian,97,,,,,
2019,5,Na h-Eileanan Siar,4,,,,,
2019,6,Aberdeen City,121,,,,,
2019,6,Aberdeenshire,78,,,,,
2019,6,Angus,47,,,,,
2019,6,Argyll and Bute,57,,,,,
2019,6,Clackmannanshire,43,,,,,
2019,6,Dumfries and Galloway,111,,,,,
2019,6,Dundee City,91,,,,,
2019,6,East Ayrshire,63,,,,,
2019,6,East Dunbartonshire,41,,,,,
2019,6,East Lothian,59,,,,,
2019,6,East Renfrewshire,18,,,,,
2019,6,City of Edinburgh,267,,,,,
2019,6,Falkirk,137,,,,,
2019,6,Fife,249,,,,,
2019,6,Glasgow City,585,,,,,
2019,6,Highland,105,,,,,
2019,6,Inverclyde,44,,,,,
2019,6,Midlothian,60,,,,,
2019,6,Moray,35,,,,,
2019,6,North Ayrshire,130,,,,,
2019,6,North Lanarkshire,345,,,,,
2019,6,Orkney Islands,10,,,,,
2019,6,Perth and Kinross,47,,,,,
2019,6,Renfrewshire,103,,,,,
2019,6,Scottish Borders,81,,,,,
2019,6,Shetland Islands,5,,,,,
2019,6,South Ayrshire,65,,,,,
2019,6,South Lanarkshire,231,,,,,
2019,6,Stirling,84,,,,,
2019,6,West Dunbartonshire,96,,,,,
2019,6,West Lothian,95,,,,,
2019,6,Na h-Eileanan Siar,5,,,,,
2019,7,Aberdeen City,116,,,,,
2019,7,Aberdeenshire,99,,,,,
2019,7,Angus,54,,,,,
2019,7,Argyll and Bute,70,,,,,
2019,7,Clackmannanshire,36,,,,,
2019,7,Dumfries and Galloway,153,,,,,
2019,7,Dundee City,99,,,,,
2019,7,East Ayrshire,83,,,,,
2019,7,East Dunbartonshire,38,,,,,
2019,7,East Lothian,50,,,,,
2019,7,East Renfrewshire,18,,,,,
2019,7,City of Edinburgh,300,,,,,
2019,7,Falkirk,119,,,,,
2019,7,Fife,216,,,,,
2019,7,Glasgow City,614,,,,,
2019,7,Highland,114,,,,,
2019,7,Inverclyde,57,,,,,
2019,7,Midlothian,66,,,,,
2019,7,Moray,32,,,,,
2019,7,North Ayrshire,136,,,,,
2019,7,North Lanarkshire,315,,,,,
2019,7,Orkney Islands,11,,,,,
2019,7,Perth and Kinross,52,,,,,
2019,7,Renfrewshire,111,,,,,
2019,7,Scottish Borders,74,,,,,
2019,7,Shetland Islands,8,,,,,
2019,7,South Ayrshire,66,,,,,
2019,7,South Lanarkshire,245,,,,,
2019,7,Stirling,70,,,,,
2019,7,West Dunbartonshire,76,,,,,
2019,7,West Lothian,76,,,,,
2019,7,Na h-Eileanan Siar,11,,,,,
2019,8,Aberdeen City,105,,,,,
2019,8,Aberdeenshire,81,,,,,
2019,8,Angus,45,,,,,
2019,8,Argyll and Bute,64,,,,,
2019,8,Clackmannanshire,53,,,,,
2019,8,Dumfries and Galloway,136,,,,,
2019,8,Dundee City,110,,,,,
2019,8,East Ayrshire,74,,,,,
2019,8,East Dunbartonshire,30,,,,,
2019,8,East Lothian,52,,,,,
2019,8,East Renfrewshire,13,,,,,
2019,8,City of Edinburgh,312,,,,,
2019,8,Falkirk,141,,,,,
2019,8,Fife,210,,,,,
2019,8,Glasgow City,558,,,,,
2019,8,Highland,92,,,,,
2019,8,Inverclyde,55,,,,,
2019,8,Midlothian,62,,,,,
2019,8,Moray,44,,,,,
2019,8,North Ayrshire,104,,,,,
2019,8,North Lanarkshire,294,,,,,
2019,8,Orkney Islands,6,,,,,
2019,8,Perth and Kinross,41,,,,,
2019,8,Renfrewshire,117,,,,,
2019,8,Scottish Borders,69,,,,,
2019,8,Shetland Islands,3,,,,,
2019,8,South Ayrshire,74,,,,,
2019,8,South Lanarkshire,211,,,,,
2019,8,Stirling,60,,,,,
2019,8,West Dunbartonshire,73,,,,,
2019,8,West Lothian,109,,,,,
2019,8,Na h-Eileanan Siar,2,,,,,
2019,9,Aberdeen City,115,,,,,
2019,9,Aberdeenshire,71,,,,,
2019,9,Angus,47,,,,,
2019,9,Argyll and Bute,73,,,,,
2019,9,Clackmannanshire,45,,,,,
2019,9,Dumfries and Galloway,144,,,,,
2019,9,Dundee City,92,,,,,
2019,9,East Ayrshire,50,,,,,
2019,9,East Dunbartonshire,45,,,,,
2019,9,East Lothian,54,,,,,
2019,9,East Renfrewshire,41,,,,,
2019,9,City of Edinburgh,244,,,,,
2019,9,Falkirk,146,,,,,
2019,9,Fife,226,,,,,
2019,9,Glasgow City,552,,,,,
2019,9,Highland,93,,,,,
2019,9,Inverclyde,51,,,,,
2019,9,Midlothian,66,,,,,
2019,9,Moray,39,,,,,
2019,9,North Ayrshire,131,,,,,
2019,9,North Lanarkshire,282,,,,,
2019,9,Orkney Islands,5,,,,,
2019,9,Perth and Kinross,44,,,,,
2019,9,Renfrewshire,93,,,,,
2019,9,Scottish Borders,79,,,,,
2019,9,Shetland Islands,2,,,,,
2019,9,South Ayrshire,85,,,,,
2019,9,South Lanarkshire,235,,,,,
2019,9,Stirling,57,,,,,
2019,9,West Dunbartonshire,83,,,,,
2019,9,West Lothian,64,,,,,
2019,9,Na h-Eileanan Siar,10,,,,,
2019,10,Aberdeen City,127,,,,,
2019,10,Aberdeenshire,81,,,,,
2019,10,Angus,48,,,,,
2019,10,Argyll and Bute,53,1.0,0.0,0.0,1.0,1.0
2019,10,Clackmannanshire,42,,,,,
2019,10,Dumfries and Galloway,115,,,,,
2019,10,Dundee City,103,,,,,
2019,10,East Ayrshire,78,,,,,
2019,10,East Dunbartonshire,33,,,,,
2019,10,East Lothian,46,,,,,
2019,10,East Renfrewshire,16,,,,,
2019,10,City of Edinburgh,276,1.0,0.0,0.0,1.0,1.0
2019,10,Falkirk,162,,,,,
2019,10,Fife,183,,,,,
2019,10,Glasgow City,553,,,,,
2019,10,Highland,92,,,,,
2019,10,Inverclyde,34,,,,,
2019,10,Midlothian,59,,,,,
2019,10,Moray,35,,,,,
2019,10,North Ayrshire,99,,,,,
2019,10,North Lanarkshire,299,,,,,
2019,10,Orkney Islands,4,,,,,
2019,10,Perth and Kinross,51,,,,,
2019,10,Renfrewshire,103,,,,,
2019,10,Scottish Borders,72,,,,,
2019,10,Shetland Islands,6,,,,,
2019,10,South Ayrshire,80,,,,,
2019,10,South Lanarkshire,227,,,,,
2019,10,Stirling,61,,,,,
2019,10,West Dunbartonshire,73,,,,,
2019,10,West Lothian,97,,,,,
2019,10,Na h-Eileanan Siar,9,,,,,
2019,11,Aberdeen City,108,,,,,
2019,11,Aberdeenshire,75,,,,,
2019,11,Angus,32,,,,,
2019,11,Argyll and Bute,52,,,,,
2019,11,Clackmannanshire,33,,,,,
2019,11,Dumfries and Galloway,141,,,,,
2019,11,Dundee City,124,,,,,
2019,11,East Ayrshire,57,,,,,
2019,11,East Dunbartonshire,41,,,,,
2019,11,East Lothian,57,,,,,
2019,11,East Renfrewshire,13,,,,,
2019,11,City of Edinburgh,251,,,,,
2019,11,Falkirk,120,,,,,
2019,11,Fife,236,,,,,
2019,11,Glasgow City,555,,,,,
2019,11,Highland,102,,,,,
2019,11,Inverclyde,33,,,,,
2019,11,Midlothian,46,,,,,
2019,11,Moray,36,,,,,
2019,11,North Ayrshire,81,,,,,
2019,11,North Lanarkshire,269,,,,,
2019,11,Orkney Islands,3,,,,,
2019,11,Perth and Kinross,53,,,,,
2019,11,Renfrewshire,101,,,,,
2019,11,Scottish Borders,61,,,,,
2019,11,Shetland Islands,8,,,,,
2019,11,South Ayrshire,68,,,,,
2019,11,South Lanarkshire,203,,,,,
2019,11,Stirling,51,,,,,
2019,11,West Dunbartonshire,66,,,,,
2019,11,West Lothian,76,,,,,
2019,11,Na h-Eileanan Siar,11,,,,,
2019,12,Aberdeen City,115,,,,,
2019,12,Aberdeenshire,69,,,,,
2019,12,Angus,46,,,,,
2019,12,Argyll and Bute,50,,,,,
2019,12,Clackmannanshire,34,,,,,
2019,12,Dumfries and Galloway,122,,,,,
2019,12,Dundee City,111,,,,,
2019,12,East Ayrshire,76,,,,,
2019,12,East Dunbartonshire,36,,,,,
2019,12,East Lothian,39,,,,,
2019,12,East Renfrewshire,18,,,,,
2019,12,City of Edinburgh,279,,,,,
2019,12,Falkirk,149,,,,,
2019,12,Fife,202,,,,,
2019,12,Glasgow City,581,,,,,
2019,12,Highland,86,,,,,
2019,12,Inverclyde,51,,,,,
2019,12,Midlothian,62,,,,,
2019,12,Moray,44,,,,,
2019,12,North Ayrshire,94,,,,,
2019,12,North Lanarkshire,315,,,,,
2019,12,Orkney Islands,8,,,,,
2019,12,Perth and Kinross,45,,,,,
2019,12,Renfrewshire,107,,,,,
2019,12,Scottish Borders,59,,,,,
2019,12,Shetland Islands,2,,,,,
2019,12,South Ayrshire,73,,,,,
2019,12,South Lanarkshire,205,,,,,
2019,12,Stirling,57,,,,,
2019,12,West Dunbartonshire,86,,,,,
2019,12,West Lothian,82,,,,,
2019,12,Na h-Eileanan Siar,11,,,,,
2020,1,Aberdeen City,122,,,,,
2020,1,Aberdeenshire,68,,,,,
2020,1,Angus,30,,,,,
2020,1,Argyll and Bute,54,,,,,
2020,1,Clackmannanshire,30,,,,,
2020,1,Dumfries and Galloway,136,,,,,
2020,1,Dundee City,100,,,,,
2020,1,East Ayrshire,66,,,,,
2020,1,East Dunbartonshire,38,,,,,
2020,1,East Lothian,55,,,,,
2020,1,East Renfrewshire,24,,,,,
2020,1,City of Edinburgh,256,,,,,
2020,1,Falkirk,103,,,,,
2020,1,Fife,248,,,,,
2020,1,Glasgow City,491,,,,,
2020,1,Highland,95,,,,,
2020,1,Inverclyde,50,,,,,
2020,1,Midlothian,55,,,,,
2020,1,Moray,37,,,,,
2020,1,North Ayrshire,91,,,,,
2020,1,North Lanarkshire,262,,,,,
2020,1,Orkney Islands,4,,,,,
2020,1,Perth and Kinross,55,,,,,
2020,1,Renfrewshire,99,,,,,
2020,1,Scottish Borders,56,,,,,
2020,1,Shetland Islands,5,,,,,
2020,1,South Ayrshire,68,,,,,
2020,1,South Lanarkshire,212,,,,,
2020,1,Stirling,38,,,,,
2020,1,West Dunbartonshire,64,,,,,
2020,1,West Lothian,71,,,,,
2020,1,Na h-Eileanan Siar,5,,,,,
2020,2,Aberdeen City,111,,,,,
2020,2,Aberdeenshire,62,,,,,
2020,2,Angus,30,0.0,1.0,0.0,1.0,0.0
2020,2,Argyll and Bute,67,,,,,
2020,2,Clackmannanshire,41,,,,,
2020,2,Dumfries and Galloway,128,,,,,
2020,2,Dundee City,100,,,,,
2020,2,East Ayrshire,65,,,,,
2020,2,East Dunbartonshire,33,,,,,
2020,2,East Lothian,32,,,,,
2020,2,East Renfrewshire,18,,,,,
2020,2,City of Edinburgh,240,2.0,1.0,0.0,3.0,0.6666666666666666
2020,2,Falkirk,99,,,,,
2020,2,Fife,156,1.0,0.0,0.0,1.0,1.0
2020,2,Glasgow City,477,0.0,5.0,5.0,10.0,0.0
2020,2,Highland,98,,,,,
2020,2,Inverclyde,48,,,,,
2020,2,Midlothian,42,,,,,
2020,2,Moray,34,0.0,0.0,1.0,1.0,0.0
2020,2,North Ayrshire,92,,,,,
2020,2,North Lanarkshire,259,0.0,2.0,1.0,3.0,0.0
2020,2,Orkney Islands,5,,,,,
2020,2,Perth and Kinross,41,,,,,
2020,2,Renfrewshire,109,3.0,2.0,0.0,5.0,0.6
2020,2,Scottish Borders,54,,,,,
2020,2,Shetland Islands,5,,,,,
2020,2,South Ayrshire,44,,,,,
2020,2,South Lanarkshire,195,,,,,
2020,2,Stirling,36,0.0,0.0,1.0,1.0,0.0
2020,2,West Dunbartonshire,59,1.0,1.0,0.0,2.0,0.5
2020,2,West Lothian,68,,,,,
2020,2,Na h-Eileanan Siar,5,,,,,
2020,3,Aberdeen City,129,,,,,
2020,3,Aberdeenshire,42,,,,,
2020,3,Angus,31,,,,,
2020,3,Argyll and Bute,58,,,,,
2020,3,Clackmannanshire,29,,,,,
2020,3,Dumfries and Galloway,143,,,,,
2020,3,Dundee City,75,,,,,
2020,3,East Ayrshire,93,,,,,
2020,3,East Dunbartonshire,38,,,,,
2020,3,East Lothian,41,,,,,
2020,3,East Renfrewshire,21,,,,,
2020,3,City of Edinburgh,256,,,,,
2020,3,Falkirk,138,,,,,
2020,3,Fife,191,,,,,
2020,3,Glasgow City,538,,,,,
2020,3,Highland,82,,,,,
2020,3,Inverclyde,44,,,,,
2020,3,Midlothian,49,,,,,
2020,3,Moray,24,,,,,
2020,3,North Ayrshire,95,,,,,
2020,3,North Lanarkshire,288,,,,,
2020,3,Orkney Islands,2,,,,,
2020,3,Perth and Kinross,44,,,,,
2020,3,Renfrewshire,99,,,,,
2020,3,Scottish Borders,58,,,,,
2020,3,Shetland Islands,3,,,,,
2020,3,South Ayrshire,78,,,,,
2020,3,South Lanarkshire,234,,,,,
2020,3,Stirling,50,,,,,
2020,3,West Dunbartonshire,75,,,,,
2020,3,West Lothian,98,,,,,
2020,3,Na h-Eileanan Siar,8,,,,,
2020,4,Aberdeen City,127,,,,,
2020,4,Aberdeenshire,72,,,,,
2020,4,Angus,35,,,,,
2020,4,Argyll and Bute,56,,,,,
2020,4,Clackmannanshire,41,,,,,
2020,4,Dumfries and Galloway,113,,,,,
2020,4,Dundee City,102,,,,,
2020,4,East Ayrshire,72,,,,,
2020,4,East Dunbartonshire,30,,,,,
2020,4,East Lothian,44,,,,,
2020,4,East Renfrewshire,37,,,,,
2020,4,City of Edinburgh,246,,,,,
2020,4,Falkirk,137,,,,,
2020,4,Fife,192,,,,,
2020,4,Glasgow City,628,,,,,
2020,4,Highland,126,,,,,
2020,4,Inverclyde,48,,,,,
2020,4,Midlothian,58,,,,,
2020,4,Moray,26,,,,,
2020,4,North Ayrshire,95,,,,,
2020,4,North Lanarkshire,268,,,,,
2020,4,Orkney Islands,5,,,,,
2020,4,Perth and Kinross,47,,,,,
2020,4,Renfrewshire,114,,,,,
2020,4,Scottish Borders,53,,,,,
2020,4,Shetland Islands,1,,,,,
2020,4,South Ayrshire,73,,,,,
2020,4,South Lanarkshire,260,,,,,
2020,4,Stirling,41,,,,,
2020,4,West Dunbartonshire,67,,,,,
2020,4,West Lothian,98,,,,,
2020,4,Na h-Eileanan Siar,13,,,,,
2020,5,Aberdeen City,165,,,,,
2020,5,Aberdeenshire,65,,,,,
2020,5,Angus,65,,,,,
2020,5,Argyll and Bute,43,,,,,
2020,5,Clackmannanshire,58,,,,,
2020,5,Dumfries and Galloway,149,,,,,
2020,5,Dundee City,140,,,,,
2020,5,East Ayrshire,95,,,,,
2020,5,East Dunbartonshire,37,,,,,
2020,5,East Lothian,55,,,,,
2020,5,East Renfrewshire,32,,,,,
2020,5,City of Edinburgh,311,,,,,
2020,5,Falkirk,161,,,,,
2020,5,Fife,267,,,,,
2020,5,Glasgow City,665,,,,,
2020,5,Highland,122,,,,,
2020,5,Inverclyde,47,,,,,
2020,5,Midlothian,71,,,,,
2020,5,Moray,47,,,,,
2020,5,North Ayrshire,104,,,,,
2020,5,North Lanarkshire,393,,,,,
2020,5,Orkney Islands,1,,,,,
2020,5,Perth and Kinross,48,,,,,
2020,5,Renfrewshire,112,,,,,
2020,5,Scottish Borders,61,,,,,
2020,5,Shetland Islands,6,,,,,
2020,5,South Ayrshire,64,,,,,
2020,5,South Lanarkshire,314,,,,,
2020,5,Stirling,72,,,,,
2020,5,West Dunbartonshire,90,,,,,
2020,5,West Lothian,99,,,,,
2020,5,Na h-Eileanan Siar,9,,,,,
2020,6,Aberdeen City,150,,,,,
2020,6,Aberdeenshire,73,,,,,
2020,6,Angus,49,,,,,
2020,6,Argyll and Bute,58,,,,,
2020,6,Clackmannanshire,45,,,,,
2020,6,Dumfries and Galloway,142,,,,,
2020,6,Dundee City,131,,,,,
2020,6,East Ayrshire,89,,,,,
2020,6,East Dunbartonshire,46,,,,,
2020,6,East Lothian,76,,,,,
2020,6,East Renfrewshire,33,,,,,
2020,6,City of Edinburgh,300,,,,,
2020,6,Falkirk,145,,,,,
2020,6,Fife,242,,,,,
2020,6,Glasgow City,773,,,,,
2020,6,Highland,109,,,,,
2020,6,Inverclyde,79,,,,,
2020,6,Midlothian,56,,,,,
2020,6,Moray,34,,,,,
2020,6,North Ayrshire,115,,,,,
2020,6,North Lanarkshire,405,,,,,
2020,6,Orkney Islands,9,,,,,
2020,6,Perth and Kinross,66,,,,,
2020,6,Renfrewshire,134,,,,,
2020,6,Scottish Borders,81,,,,,
2020,6,Shetland Islands,8,,,,,
2020,6,South Ayrshire,92,,,,,
2020,6,South Lanarkshire,279,,,,,
2020,6,Stirling,76,,,,,
2020,6,West Dunbartonshire,102,,,,,
2020,6,West Lothian,113,,,,,
2020,6,Na h-Eileanan Siar,11,,,,,
2020,7,Aberdeen City,145,,,,,
2020,7,Aberdeenshire,84,,,,,
2020,7,Angus,44,,,,,
2020,7,Argyll and Bute,58,,,,,
2020,7,Clackmannanshire,44,,,,,
2020,7,Dumfries and Galloway,159,,,,,
2020,7,Dundee City,103,,,,,
2020,7,East Ayrshire,92,,,,,
2020,7,East Dunbartonshire,37,,,,,
2020,7,East Lothian,71,,,,,
2020,7,East Renfrewshire,34,,,,,
2020,7,City of Edinburgh,309,,,,,
2020,7,Falkirk,133,,,,,
2020,7,Fife,280,,,,,
2020,7,Glasgow City,664,,,,,
2020,7,Highland,122,,,,,
2020,7,Inverclyde,49,,,,,
2020,7,Midlothian,51,,,,,
2020,7,Moray,57,,,,,
2020,7,North Ayrshire,111,,,,,
2020,7,North Lanarkshire,374,,,,,
2020,7,Orkney Islands,3,,,,,
2020,7,Perth and Kinross,70,,,,,
2020,7,Renfrewshire,127,,,,,
2020,7,Scottish Borders,69,,,,,
2020,7,Shetland Islands,7,,,,,
2020,7,South Ayrshire,75,,,,,
2020,7,South Lanarkshire,258,,,,,
2020,7,Stirling,68,,,,,
2020,7,West Dunbartonshire,80,,,,,
2020,7,West Lothian,117,,,,,
2020,7,Na h-Eileanan Siar,8,,,,,
2020,8,Aberdeen City,135,,,,,
2020,8,Aberdeenshire,91,,,,,
2020,8,Angus,59,,,,,
2020,8,Argyll and Bute,65,,,,,
2020,8,Clackmannanshire,45,,,,,
2020,8,Dumfries and Galloway,154,,,,,
2020,8,Dundee City,130,,,,,
2020,8,East Ayrshire,89,,,,,
2020,8,East Dunbartonshire,57,,,,,
2020,8,East Lothian,44,,,,,
2020,8,East Renfrewshire,41,,,,,
2020,8,City of Edinburgh,276,,,,,
2020,8,Falkirk,131,,,,,
2020,8,Fife,290,,,,,
2020,8,Glasgow City,695,,,,,
2020,8,Highland,136,,,,,
2020,8,Inverclyde,52,,,,,
2020,8,Midlothian,59,,,,,
2020,8,Moray,42,,,,,
2020,8,North Ayrshire,147,,,,,
2020,8,North Lanarkshire,392,,,,,
2020,8,Orkney Islands,9,,,,,
2020,8,Perth and Kinross,76,,,,,
2020,8,Renfrewshire,141,,,,,
2020,8,Scottish Borders,77,,,,,
2020,8,Shetland Islands,3,,,,,
2020,8,South Ayrshire,86,,,,,
2020,8,South Lanarkshire,283,,,,,
2020,8,Stirling,69,,,,,
2020,8,West Dunbartonshire,80,,,,,
2020,8,West Lothian,81,,,,,
2020,8,Na h-Eileanan Siar,3,,,,,
2020,9,Aberdeen City,111,,,,,
2020,9,Aberdeenshire,47,,,,,
2020,9,Angus,46,,,,,
2020,9,Argyll and Bute,42,,,,,
2020,9,Clackmannanshire,41,,,,,
2020,9,Dumfries and Galloway,143,,,,,
2020,9,Dundee City,109,,,,,
2020,9,East Ayrshire,84,,,,,
2020,9,East Dunbartonshire,33,,,,,
2020,9,East Lothian,70,,,,,
2020,9,East Renfrewshire,29,,,,,
2020,9,City of Edinburgh,263,,,,,
2020,9,Falkirk,131,,,,,
2020,9,Fife,278,,,,,
2020,9,Glasgow City,622,,,,,
2020,9,Highland,85,,,,,
2020,9,Inverclyde,44,,,,,
2020,9,Midlothian,57,,,,,
2020,9,Moray,30,,,,,
2020,9,North Ayrshire,123,,,,,
2020,9,North Lanarkshire,246,,,,,
2020,9,Orkney Islands,1,,,,,
2020,9,Perth and Kinross,60,,,,,
2020,9,Renfrewshire,106,,,,,
2020,9,Scottish Borders,66,,,,,
2020,9,Shetland Islands,4,,,,,
2020,9,South Ayrshire,85,,,,,
2020,9,South Lanarkshire,256,,,,,
2020,9,Stirling,52,,,,,
2020,9,West Dunbartonshire,67,,,,,
2020,9,West Lothian,120,,,,,
2020,9,Na h-Eileanan Siar,12,,,,,
2020,10,Aberdeen City,103,,,,,
2020,10,Aberdeenshire,57,,,,,
2020,10,Angus,41,,,,,
2020,10,Argyll and Bute,54,,,,,
2020,10,Clackmannanshire,31,,,,,
2020,10,Dumfries and Galloway,128,,,,,
2020,10,Dundee City,110,,,,,
2020,10,East Ayrshire,83,,,,,
2020,10,East Dunbartonshire,41,,,,,
2020,10,East Lothian,50,,,,,
2020,10,East Renfrewshire,18,,,,,
2020,10,City of Edinburgh,294,,,,,
2020,10,Falkirk,113,,,,,
2020,10,Fife,255,,,,,
2020,10,Glasgow City,562,,,,,
2020,10,Highland,86,,,,,
2020,10,Inverclyde,54,,,,,
2020,10,Midlothian,33,,,,,
2020,10,Moray,32,,,,,
2020,10,North Ayrshire,76,,,,,
2020,10,North Lanarkshire,286,,,,,
2020,10,Orkney Islands,3,,,,,
2020,10,Perth and Kinross,60,,,,,
2020,10,Renfrewshire,101,,,,,
2020,10,Scottish Borders,47,,,,,
2020,10,Shetland Islands,4,,,,,
2020,10,South Ayrshire,62,,,,,
2020,10,South Lanarkshire,222,,,,,
2020,10,Stirling,47,,,,,
2020,10,West Dunbartonshire,73,,,,,
2020,10,West Lothian,97,,,,,
2020,10,Na h-Eileanan Siar,7,,,,,
2020,11,Aberdeen City,99,,,,,
2020,11,Aberdeenshire,76,,,,,
2020,11,Angus,47,,,,,
2020,11,Argyll and Bute,48,,,,,
2020,11,Clackmannanshire,36,,,,,
2020,11,Dumfries and Galloway,125,,,,,
2020,11,Dundee City,115,,,,,
2020,11,East Ayrshire,88,,,,,
2020,11,East Dunbartonshire,47,,,,,
2020,11,East Lothian,44,,,,,
2020,11,East Renfrewshire,20,,,,,
2020,11,City of Edinburgh,256,,,,,
2020,11,Falkirk,116,,,,,
2020,11,Fife,260,,,,,
2020,11,Glasgow City,579,,,,,
2020,11,Highland,92,,,,,
2020,11,Inverclyde,53,,,,,
2020,11,Midlothian,55,,,,,
2020,11,Moray,44,,,,,
2020,11,North Ayrshire,98,,,,,
2020,11,North Lanarkshire,259,,,,,
2020,11,Orkney Islands,2,,,,,
2020,11,Perth and Kinross,49,,,,,
2020,11,Renfrewshire,109,,,,,
2020,11,Scottish Borders,55,,,,,
2020,11,Shetland Islands,4,,,,,
2020,11,South Ayrshire,58,,,,,
2020,11,South Lanarkshire,235,,,,,
2020,11,Stirling,33,,,,,
2020,11,West Dunbartonshire,78,,,,,
2020,11,West Lothian,128,,,,,
2020,11,Na h-Eileanan Siar,6,,,,,
2020,12,Aberdeen City,108,,,,,
2020,12,Aberdeenshire,49,,,,,
2020,12,Angus,42,,,,,
2020,12,Argyll and Bute,55,,,,,
2020,12,Clackmannanshire,46,,,,,
2020,12,Dumfries and Galloway,111,,,,,
2020,12,Dundee City,97,,,,,
2020,12,East Ayrshire,99,,,,,
2020,12,East Dunbartonshire,25,,,,,
2020,12,East Lothian,57,,,,,
2020,12,East Renfrewshire,24,,,,,
2020,12,City of Edinburgh,248,,,,,
2020,12,Falkirk,105,,,,,
2020,12,Fife,241,,,,,
2020,12,Glasgow City,479,,,,,
2020,12,Highland,101,,,,,
2020,12,Inverclyde,48,,,,,
2020,12,Midlothian,63,,,,,
2020,12,Moray,35,,,,,
2020,12,North Ayrshire,105,,,,,
2020,12,North Lanarkshire,265,,,,,
2020,12,Orkney Islands,1,,,,,
2020,12,Perth and Kinross,41,,,,,
2020,12,Renfrewshire,115,,,,,
2020,12,Scottish Borders,60,,,,,
2020,12,Shetland Islands,2,,,,,
2020,12,South Ayrshire,55,,,,,
2020,12,South Lanarkshire,230,,,,,
2020,12,Stirling,30,,,,,
2020,12,West Dunbartonshire,71,,,,,
2020,12,West Lothian,69,,,,,
2020,12,Na h-Eileanan Siar,13,,,,,
2021,1,Aberdeen City,135,,,,,
2021,1,Aberdeenshire,45,,,,,
2021,1,Angus,40,,,,,
2021,1,Argyll and Bute,29,,,,,
2021,1,Clackmannanshire,28,,,,,
2021,1,Dumfries and Galloway,115,,,,,
2021,1,Dundee City,108,,,,,
2021,1,East Ayrshire,67,,,,,
2021,1,East Dunbartonshire,29,,,,,
2021,1,East Lothian,42,,,,,
2021,1,East Renfrewshire,15,,,,,
2021,1,City of Edinburgh,250,,,,,
2021,1,Falkirk,111,,,,,
2021,1,Fife,172,,,,,
2021,1,Glasgow City,508,,,,,
2021,1,Highland,83,,,,,
2021,1,Inverclyde,36,,,,,
2021,1,Midlothian,48,,,,,
2021,1,Moray,22,,,,,
2021,1,North Ayrshire,107,,,,,
2021,1,North Lanarkshire,263,,,,,
2021,1,Orkney Islands,4,,,,,
2021,1,Perth and Kinross,40,,,,,
2021,1,Renfrewshire,93,,,,,
2021,1,Scottish Borders,53,,,,,
2021,1,Shetland Islands,6,,,,,
2021,1,South Ayrshire,64,,,,,
2021,1,South Lanarkshire,223,,,,,
2021,1,Stirling,24,,,,,
2021,1,West Dunbartonshire,74,,,,,
2021,1,West Lothian,93,,,,,
2021,1,Na h-Eileanan Siar,10,,,,,
2021,2,Aberdeen City,98,,,,,
2021,2,Aberdeenshire,43,,,,,
2021,2,Angus,31,,,,,
2021,2,Argyll and Bute,24,,,,,
2021,2,Clackmannanshire,20,,,,,
2021,2,Dumfries and Galloway,78,,,,,
2021,2,Dundee City,79,,,,,
2021,2,East Ayrshire,65,,,,,
2021,2,East Dunbartonshire,30,,,,,
2021,2,East Lothian,28,,,,,
2021,2,East Renfrewshire,8,,,,,
2021,2,City of Edinburgh,198,,,,,
2021,2,Falkirk,72,,,,,
2021,2,Fife,188,,,,,
2021,2,Glasgow City,458,,,,,
2021,2,Highland,79,,,,,
2021,2,Inverclyde,47,,,,,
2021,2,Midlothian,40,,,,,
2021,2,Moray,26,,,,,
2021,2,North Ayrshire,86,,,,,
2021,2,North Lanarkshire,258,,,,,
2021,2,Orkney Islands,7,,,,,
2021,2,Perth and Kinross,36,,,,,
2021,2,Renfrewshire,85,,,,,
2021,2,Scottish Borders,58,,,,,
2021,2,Shetland Islands,8,,,,,
2021,2,South Ayrshire,61,,,,,
2021,2,South Lanarkshire,221,,,,,
2021,2,Stirling,33,,,,,
2021,2,West Dunbartonshire,55,,,,,
2021,2,West Lothian,82,,,,,
2021,2,Na h-Eileanan Siar,5,,,,,
2021,3,Aberdeen City,116,,,,,
2021,3,Aberdeenshire,44,,,,,
2021,3,Angus,51,,,,,
2021,3,Argyll and Bute,49,,,,,
2021,3,Clackmannanshire,34,,,,,
2021,3,Dumfries and Galloway,112,,,,,
2021,3,Dundee City,136,,,,,
2021,3,East Ayrshire,81,,,,,
2021,3,East Dunbartonshire,28,,,,,
2021,3,East Lothian,57,,,,,
2021,3,East Renfrewshire,21,,,,,
2021,3,City of Edinburgh,233,,,,,
2021,3,Falkirk,97,,,,,
2021,3,Fife,194,,,,,
2021,3,Glasgow City,532,,,,,
2021,3,Highland,60,,,,,
2021,3,Inverclyde,47,,,,,
2021,3,Midlothian,48,,,,,
2021,3,Moray,38,,,,,
2021,3,North Ayrshire,110,,,,,
2021,3,North Lanarkshire,311,,,,,
2021,3,Orkney Islands,2,,,,,
2021,3,Perth and Kinross,47,,,,,
2021,3,Renfrewshire,96,,,,,
2021,3,Scottish Borders,72,,,,,
2021,3,Shetland Islands,4,,,,,
2021,3,South Ayrshire,56,,,,,
2021,3,South Lanarkshire,232,,,,,
2021,3,Stirling,45,,,,,
2021,3,West Dunbartonshire,75,,,,,
2021,3,West Lothian,101,,,,,
2021,3,Na h-Eileanan Siar,7,,,,,
2021,4,Aberdeen City,99,,,,,
2021,4,Aberdeenshire,60,,,,,
2021,4,Angus,42,,,,,
2021,4,Argyll and Bute,36,,,,,
2021,4,Clackmannanshire,39,,,,,
2021,4,Dumfries and Galloway,100,,,,,
2021,4,Dundee City,132,,,,,
2021,4,East Ayrshire,75,,,,,
2021,4,East Dunbartonshire,41,,,,,
2021,4,East Lothian,51,,,,,
2021,4,East Renfrewshire,27,,,,,
2021,4,City of Edinburgh,241,,,,,
2021,4,Falkirk,117,,,,,
2021,4,Fife,241,,,,,
2021,4,Glasgow City,556,,,,,
2021,4,Highland,89,,,,,
2021,4,Inverclyde,50,,,,,
2021,4,Midlothian,66,,,,,
2021,4,Moray,33,,,,,
2021,4,North Ayrshire,83,,,,,
2021,4,North Lanarkshire,316,,,,,
2021,4,Orkney Islands,5,,,,,
2021,4,Perth and Kinross,60,,,,,
2021,4,Renfrewshire,113,,,,,
2021,4,Scottish Borders,67,,,,,
2021,4,Shetland Islands,3,,,,,
2021,4,South Ayrshire,68,,,,,
2021,4,South Lanarkshire,263,,,,,
2021,4,Stirling,46,,,,,
2021,4,West Dunbartonshire,72,,,,,
2021,4,West Lothian,97,,,,,
2021,4,Na h-Eileanan Siar,8,,,,,
2021,5,Aberdeen City,137,,,,,
2021,5,Aberdeenshire,65,,,,,
2021,5,Angus,43,,,,,
2021,5,Argyll and Bute,47,,,,,
2021,5,Clackmannanshire,43,,,,,
2021,5,Dumfries and Galloway,144,,,,,
2021,5,Dundee City,126,,,,,
2021,5,East Ayrshire,99,,,,,
2021,5,East Dunbartonshire,27,,,,,
2021,5,East Lothian,44,,,,,
2021,5,East Renfrewshire,30,,,,,
2021,5,City of Edinburgh,300,,,,,
2021,5,Falkirk,111,,,,,
2021,5,Fife,246,,,,,
2021,5,Glasgow City,536,,,,,
2021,5,Highland,109,,,,,
2021,5,Inverclyde,58,,,,,
2021,5,Midlothian,62,,,,,
2021,5,Moray,43,,,,,
2021,5,North Ayrshire,105,,,,,
2021,5,North Lanarkshire,272,,,,,
2021,5,Orkney Islands,1,,,,,
2021,5,Perth and Kinross,67,,,,,
2021,5,Renfrewshire,106,,,,,
2021,5,Scottish Borders,62,,,,,
2021,5,Shetland Islands,3,,,,,
2021,5,South Ayrshire,74,,,,,
2021,5,South Lanarkshire,213,,,,,
2021,5,Stirling,69,,,,,
2021,5,West Dunbartonshire,76,,,,,
2021,5,West Lothian,118,,,,,
2021,5,Na h-Eileanan Siar,11,,,,,
2021,6,Aberdeen City,125,,,,,
2021,6,Aberdeenshire,61,,,,,
2021,6,Angus,43,,,,,
2021,6,Argyll and Bute,54,,,,,
2021,6,Clackmannanshire,45,,,,,
2021,6,Dumfries and Galloway,152,,,,,
2021,6,Dundee City,99,,,,,
2021,6,East Ayrshire,97,,,,,
2021,6,East Dunbartonshire,41,,,,,
2021,6,East Lothian,57,,,,,
2021,6,East Renfrewshire,23,,,,,
2021,6,City of Edinburgh,270,,,,,
2021,6,Falkirk,131,,,,,
2021,6,Fife,246,,,,,
2021,6,Glasgow City,558,,,,,
2021,6,Highland,99,,,,,
2021,6,Inverclyde,50,,,,,
2021,6,Midlothian,47,,,,,
2021,6,Moray,34,,,,,
2021,6,North Ayrshire,89,,,,,
2021,6,North Lanarkshire,267,,,,,
2021,6,Orkney Islands,8,,,,,
2021,6,Perth and Kinross,54,,,,,
2021,6,Renfrewshire,111,,,,,
2021,6,Scottish Borders,58,,,,,
2021,6,Shetland Islands,4,,,,,
2021,6,South Ayrshire,78,,,,,
2021,6,South Lanarkshire,235,,,,,
2021,6,Stirling,61,,,,,
2021,6,West Dunbartonshire,82,,,,,
2021,6,West Lothian,117,,,,,
2021,6,Na h-Eileanan Siar,13,,,,,
2021,7,Aberdeen City,117,,,,,
2021,7,Aberdeenshire,56,,,,,
2021,7,Angus,43,,,,,
2021,7,Argyll and Bute,48,,,,,
2021,7,Clackmannanshire,48,,,,,
2021,7,Dumfries and Galloway,169,,,,,
2021,7,Dundee City,100,,,,,
2021,7,East Ayrshire,66,,,,,
2021,7,East Dunbartonshire,38,,,,,
2021,7,East Lothian,54,,,,,
2021,7,East Renfrewshire,28,,,,,
2021,7,City of Edinburgh,223,,,,,
2021,7,Falkirk,127,,,,,
2021,7,Fife,261,,,,,
2021,7,Glasgow City,550,,,,,
2021,7,Highland,103,,,,,
2021,7,Inverclyde,61,,,,,
2021,7,Midlothian,46,,,,,
2021,7,Moray,33,,,,,
2021,7,North Ayrshire,112,,,,,
2021,7,North Lanarkshire,292,,,,,
2021,7,Orkney Islands,9,,,,,
2021,7,Perth and Kinross,48,,,,,
2021,7,Renfrewshire,131,,,,,
2021,7,Scottish Borders,83,,,,,
2021,7,Shetland Islands,5,,,,,
2021,7,South Ayrshire,91,,,,,
2021,7,South Lanarkshire,238,,,,,
2021,7,Stirling,62,,,,,
2021,7,West Dunbartonshire,109,,,,,
2021,7,West Lothian,127,,,,,
2021,7,Na h-Eileanan Siar,20,,,,,
2021,8,Aberdeen City,110,,,,,
2021,8,Aberdeenshire,68,,,,,
2021,8,Angus,45,,,,,
2021,8,Argyll and Bute,74,,,,,
2021,8,Clackmannanshire,36,,,,,
2021,8,Dumfries and Galloway,167,,,,,
2021,8,Dundee City,117,,,,,
2021,8,East Ayrshire,108,,,,,
2021,8,East Dunbartonshire,40,,,,,
2021,8,East Lothian,43,,,,,
2021,8,East Renfrewshire,28,,,,,
2021,8,City of Edinburgh,252,,,,,
2021,8,Falkirk,130,,,,,
2021,8,Fife,222,,,,,
2021,8,Glasgow City,626,,,,,
2021,8,Highland,101,,,,,
2021,8,Inverclyde,48,,,,,
2021,8,Midlothian,53,,,,,
2021,8,Moray,37,,,,,
2021,8,North Ayrshire,130,,,,,
2021,8,North Lanarkshire,271,,,,,
2021,8,Orkney Islands,5,,,,,
2021,8,Perth and Kinross,72,,,,,
2021,8,Renfrewshire,135,,,,,
2021,8,Scottish Borders,50,,,,,
2021,8,Shetland Islands,6,,,,,
2021,8,South Ayrshire,76,,,,,
2021,8,South Lanarkshire,229,,,,,
2021,8,Stirling,73,,,,,
2021,8,West Dunbartonshire,71,,,,,
2021,8,West Lothian,91,,,,,
2021,8,Na h-Eileanan Siar,15,,,,,
2021,9,Aberdeen City,114,,,,,
2021,9,Aberdeenshire,74,,,,,
2021,9,Angus,61,,,,,
2021,9,Argyll and Bute,52,,,,,
2021,9,Clackmannanshire,46,,,,,
2021,9,Dumfries and Galloway,151,,,,,
2021,9,Dundee City,100,,,,,
2021,9,East Ayrshire,87,,,,,
2021,9,East Dunbartonshire,31,,,,,
2021,9,East Lothian,38,,,,,
2021,9,East Renfrewshire,21,,,,,
2021,9,City of Edinburgh,211,,,,,
2021,9,Falkirk,104,,,,,
2021,9,Fife,217,,,,,
2021,9,Glasgow City,581,,,,,
2021,9,Highland,109,,,,,
2021,9,Inverclyde,38,,,,,
2021,9,Midlothian,59,,,,,
2021,9,Moray,47,,,,,
2021,9,North Ayrshire,87,,,,,
2021,9,North Lanarkshire,275,,,,,
2021,9,Orkney Islands,4,,,,,
2021,9,Perth and Kinross,50,,,,,
2021,9,Renfrewshire,115,,,,,
2021,9,Scottish Borders,71,,,,,
2021,9,Shetland Islands,3,,,,,
2021,9,South Ayrshire,70,,,,,
2021,9,South Lanarkshire,238,,,,,
2021,9,Stirling,61,,,,,
2021,9,West Dunbartonshire,83,,,,,
2021,9,West Lothian,83,,,,,
2021,9,Na h-Eileanan Siar,8,,,,,
2021,10,Aberdeen City,124,,,,,
2021,10,Aberdeenshire,62,,,,,
2021,10,Angus,37,,,,,
2021,10,Argyll and Bute,61,,,,,
2021,10,Clackmannanshire,38,,,,,
2021,10,Dumfries and Galloway,150,,,,,
2021,10,Dundee City,92,,,,,
2021,10,East Ayrshire,77,,,,,
2021,10,East Dunbartonshire,27,,,,,
2021,10,East Lothian,39,,,,,
2021,10,East Renfrewshire,18,,,,,
2021,10,City of Edinburgh,240,,,,,
2021,10,Falkirk,110,,,,,
2021,10,Fife,242,,,,,
2021,10,Glasgow City,480,,,,,
2021,10,Highland,120,,,,,
2021,10,Inverclyde,42,,,,,
2021,10,Midlothian,57,,,,,
2021,10,Moray,35,,,,,
2021,10,North Ayrshire,101,,,,,
2021,10,North Lanarkshire,262,,,,,
2021,10,Perth and Kinross,48,,,,,
2021,10,Renfrewshire,95,,,,,
2021,10,Scottish Borders,57,,,,,
2021,10,Shetland Islands,4,,,,,
2021,10,South Ayrshire,60,,,,,
2021,10,South Lanarkshire,218,,,,,
2021,10,Stirling,57,,,,,
2021,10,West Dunbartonshire,82,,,,,
2021,10,West Lothian,88,,,,,
2021,10,Na h-Eileanan Siar,5,,,,,
2021,11,Aberdeen City,103,,,,,
2021,11,Aberdeenshire,45,,,,,
2021,11,Angus,28,,,,,
2021,11,Argyll and Bute,58,,,,,
2021,11,Clackmannanshire,30,,,,,
2021,11,Dumfries and Galloway,135,,,,,
2021,11,Dundee City,85,,,,,
2021,11,East Ayrshire,82,,,,,
2021,11,East Dunbartonshire,29,,,,,
2021,11,East Lothian,38,,,,,
2021,11,East Renfrewshire,16,,,,,
2021,11,City of Edinburgh,181,,,,,
2021,11,Falkirk,89,,,,,
2021,11,Fife,217,,,,,
2021,11,Glasgow City,452,,,,,
2021,11,Highland,87,,,,,
2021,11,Inverclyde,44,,,,,
2021,11,Midlothian,38,,,,,
2021,11,Moray,50,,,,,
2021,11,North Ayrshire,66,,,,,
2021,11,North Lanarkshire,230,,,,,
2021,11,Orkney Islands,5,,,,,
2021,11,Perth and Kinross,55,,,,,
2021,11,Renfrewshire,66,,,,,
2021,11,Scottish Borders,51,,,,,
2021,11,Shetland Islands,6,,,,,
2021,11,South Ayrshire,46,,,,,
2021,11,South Lanarkshire,168,,,,,
2021,11,Stirling,50,,,,,
2021,11,West Dunbartonshire,66,,,,,
2021,11,West Lothian,64,,,,,
2021,11,Na h-Eileanan Siar,5,,,,,
2021,12,Aberdeen City,94,,,,,
2021,12,Aberdeenshire,69,,,,,
2021,12,Angus,30,,,,,
2021,12,Argyll and Bute,46,,,,,
2021,12,Clackmannanshire,26,,,,,
2021,12,Dumfries and Galloway,115,,,,,
2021,12,Dundee City,77,,,,,
2021,12,East Ayrshire,55,,,,,
2021,12,East Dunbartonshire,29,,,,,
2021,12,East Lothian,38,,,,,
2021,12,East Renfrewshire,17,,,,,
2021,12,City of Edinburgh,171,,,,,
2021,12,Falkirk,118,,,,,
2021,12,Fife,207,,,,,
2021,12,Glasgow City,479,,,,,
2021,12,Highland,99,,,,,
2021,12,Inverclyde,31,,,,,
2021,12,Midlothian,39,,,,,
2021,12,Moray,25,,,,,
2021,12,North Ayrshire,70,,,,,
2021,12,North Lanarkshire,211,,,,,
2021,12,Orkney Islands,4,,,,,
2021,12,Perth and Kinross,62,,,,,
2021,12,Renfrewshire,88,,,,,
2021,12,Scottish Borders,46,,,,,
2021,12,Shetland Islands,5,,,,,
2021,12,South Ayrshire,61,,,,,
2021,12,South Lanarkshire,178,,,,,
2021,12,Stirling,50,,,,,
2021,12,West Dunbartonshire,71,,,,,
2021,12,West Lothian,69,,,,,
2021,12,Na h-Eileanan Siar,3,,,,,
2022,1,Aberdeen City,129,,,,,
2022,1,Aberdeenshire,62,,,,,
2022,1,Angus,30,,,,,
2022,1,Argyll and Bute,41,,,,,
2022,1,Clackmannanshire,36,,,,,
2022,1,Dumfries and Galloway,160,,,,,
2022,1,Dundee City,124,,,,,
2022,1,East Ayrshire,82,,,,,
2022,1,East Dunbartonshire,29,,,,,
2022,1,East Lothian,58,,,,,
2022,1,East Renfrewshire,29,,,,,
2022,1,City of Edinburgh,216,,,,,
2022,1,Falkirk,97,,,,,
2022,1,Fife,205,,,,,
2022,1,Glasgow City,548,,,,,
2022,1,Highland,86,,,,,
2022,1,Inverclyde,36,,,,,
2022,1,Midlothian,41,,,,,
2022,1,Moray,45,,,,,
2022,1,North Ayrshire,81,,,,,
2022,1,North Lanarkshire,271,,,,,
2022,1,Orkney Islands,3,,,,,
2022,1,Perth and Kinross,49,,,,,
2022,1,Renfrewshire,105,,,,,
2022,1,Scottish Borders,69,,,,,
2022,1,Shetland Islands,2,,,,,
2022,1,South Ayrshire,56,,,,,
2022,1,South Lanarkshire,209,,,,,
2022,1,Stirling,49,,,,,
2022,1,West Dunbartonshire,91,,,,,
2022,1,West Lothian,81,,,,,
2022,1,Na h-Eileanan Siar,7,,,,,
2022,2,Aberdeen City,99,,,,,
2022,2,Aberdeenshire,45,,,,,
2022,2,Angus,21,,,,,
2022,2,Argyll and Bute,37,,,,,
2022,2,Clackmannanshire,33,,,,,
2022,2,Dumfries and Galloway,104,,,,,
2022,2,Dundee City,93,,,,,
2022,2,East Ayrshire,81,,,,,
2022,2,East Dunbartonshire,24,,,,,
2022,2,East Lothian,40,,,,,
2022,2,East Renfrewshire,13,,,,,
2022,2,City of Edinburgh,189,,,,,
2022,2,Falkirk,84,,,,,
2022,2,Fife,181,,,,,
2022,2,Glasgow City,496,,,,,
2022,2,Highland,81,,,,,
2022,2,Inverclyde,42,,,,,
2022,2,Midlothian,26,,,,,
2022,2,Moray,36,,,,,
2022,2,North Ayrshire,83,,,,,
2022,2,North Lanarkshire,232,,,,,
2022,2,Orkney Islands,3,,,,,
2022,2,Perth and Kinross,42,,,,,
2022,2,Renfrewshire,92,,,,,
2022,2,Scottish Borders,49,,,,,
2022,2,Shetland Islands,2,,,,,
2022,2,South Ayrshire,45,,,,,
2022,2,South Lanarkshire,181,,,,,
2022,2,Stirling,39,,,,,
2022,2,West Dunbartonshire,51,,,,,
2022,2,West Lothian,69,,,,,
2022,2,Na h-Eileanan Siar,5,,,,,
2022,3,Aberdeen City,98,,,,,
2022,3,Aberdeenshire,56,,,,,
2022,3,Angus,25,,,,,
2022,3,Argyll and Bute,49,,,,,
2022,3,Clackmannanshire,43,,,,,
2022,3,Dumfries and Galloway,130,,,,,
2022,3,Dundee City,90,,,,,
2022,3,East Ayrshire,78,,,,,
2022,3,East Dunbartonshire,17,,,,,
2022,3,East Lothian,38,,,,,
2022,3,East Renfrewshire,14,,,,,
2022,3,City of Edinburgh,185,,,,,
2022,3,Falkirk,88,,,,,
2022,3,Fife,217,,,,,
2022,3,Glasgow City,469,,,,,
2022,3,Highland,83,,,,,
2022,3,Inverclyde,43,,,,,
2022,3,Midlothian,22,,,,,
2022,3,Moray,43,,,,,
2022,3,North Ayrshire,78,,,,,
2022,3,North Lanarkshire,221,,,,,
2022,3,Orkney Islands,6,,,,,
2022,3,Perth and Kinross,46,,,,,
2022,3,Renfrewshire,79,,,,,
2022,3,Scottish Borders,53,,,,,
2022,3,Shetland Islands,11,,,,,
2022,3,South Ayrshire,56,,,,,
2022,3,South Lanarkshire,189,,,,,
2022,3,Stirling,45,,,,,
2022,3,West Dunbartonshire,66,,,,,
2022,3,West Lothian,73,,,,,
2022,3,Na h-Eileanan Siar,6,,,,,
2022,4,Aberdeen City,101,,,,,
2022,4,Aberdeenshire,49,,,,,
2022,4,Angus,35,,,,,
2022,4,Argyll and Bute,46,,,,,
2022,4,Clackmannanshire,29,,,,,
2022,4,Dumfries and Galloway,100,,,,,
2022,4,Dundee City,94,,,,,
2022,4,East Ayrshire,66,,,,,
2022,4,East Dunbartonshire,29,,,,,
2022,4,East Lothian,52,,,,,
2022,4,East Renfrewshire,29,,,,,
2022,4,City of Edinburgh,217,,,,,
2022,4,Falkirk,91,,,,,
2022,4,Fife,245,,,,,
2022,4,Glasgow City,581,,,,,
2022,4,Highland,99,,,,,
2022,4,Inverclyde,50,,,,,
2022,4,Midlothian,33,,,,,
2022,4,Moray,34,,,,,
2022,4,North Ayrshire,91,,,,,
2022,4,North Lanarkshire,225,,,,,
2022,4,Perth and Kinross,43,,,,,
2022,4,Renfrewshire,99,,,,,
2022,4,Scottish Borders,61,,,,,
2022,4,Shetland Islands,8,,,,,
2022,4,South Ayrshire,79,,,,,
2022,4,South Lanarkshire,230,,,,,
2022,4,Stirling,42,,,,,
2022,4,West Dunbartonshire,99,,,,,
2022,4,West Lothian,87,,,,,
2022,4,Na h-Eileanan Siar,6,,,,,
2022,5,Aberdeen City,111,,,,,
2022,5,Aberdeenshire,64,,,,,
2022,5,Angus,29,,,,,
2022,5,Argyll and Bute,54,,,,,
2022,5,Clackmannanshire,30,,,,,
2022,5,Dumfries and Galloway,133,,,,,
2022,5,Dundee City,91,,,,,
2022,5,East Ayrshire,86,,,,,
2022,5,East Dunbartonshire,23,,,,,
2022,5,East Lothian,44,,,,,
2022,5,East Renfrewshire,21,,,,,
2022,5,City of Edinburgh,219,,,,,
2022,5,Falkirk,91,,,,,
2022,5,Fife,233,,,,,
2022,5,Glasgow City,606,,,,,
2022,5,Highland,101,,,,,
2022,5,Inverclyde,57,,,,,
2022,5,Midlothian,37,,,,,
2022,5,Moray,41,,,,,
2022,5,North Ayrshire,84,,,,,
2022,5,North Lanarkshire,243,,,,,
2022,5,Orkney Islands,3,,,,,
2022,5,Perth and Kinross,63,,,,,
2022,5,Renfrewshire,101,,,,,
2022,5,Scottish Borders,47,,,,,
2022,5,Shetland Islands,9,,,,,
2022,5,South Ayrshire,65,,,,,
2022,5,South Lanarkshire,206,,,,,
2022,5,Stirling,55,,,,,
2022,5,West Dunbartonshire,84,,,,,
2022,5,West Lothian,80,,,,,
2022,5,Na h-Eileanan Siar,9,,,,,
2022,6,Aberdeen City,86,,,,,
2022,6,Aberdeenshire,65,,,,,
2022,6,Angus,41,,,,,
2022,6,Argyll and Bute,52,,,,,
2022,6,Clackmannanshire,38,,,,,
2022,6,Dumfries and Galloway,157,,,,,
2022,6,Dundee City,80,,,,,
2022,6,East Ayrshire,77,,,,,
2022,6,East Dunbartonshire,25,,,,,
2022,6,East Lothian,43,,,,,
2022,6,East Renfrewshire,17,,,,,
2022,6,City of Edinburgh,219,,,,,
2022,6,Falkirk,98,,,,,
2022,6,Fife,252,,,,,
2022,6,Glasgow City,518,,,,,
2022,6,Highland,115,,,,,
2022,6,Inverclyde,41,,,,,
2022,6,Midlothian,45,,,,,
2022,6,Moray,39,,,,,
2022,6,North Ayrshire,91,,,,,
2022,6,North Lanarkshire,230,,,,,
2022,6,Orkney Islands,2,,,,,
2022,6,Perth and Kinross,46,,,,,
2022,6,Renfrewshire,91,,,,,
2022,6,Scottish Borders,44,,,,,
2022,6,Shetland Islands,3,,,,,
2022,6,South Ayrshire,60,,,,,
2022,6,South Lanarkshire,187,,,,,
2022,6,Stirling,52,,,,,
2022,6,West Dunbartonshire,74,,,,,
2022,6,West Lothian,101,,,,,
2022,6,Na h-Eileanan Siar,8,,,,,
2022,7,Aberdeen City,101,,,,,
2022,7,Aberdeenshire,76,,,,,
2022,7,Angus,45,,,,,
2022,7,Argyll and Bute,62,,,,,
2022,7,Clackmannanshire,26,,,,,
2022,7,Dumfries and Galloway,126,,,,,
2022,7,Dundee City,72,,,,,
2022,7,East Ayrshire,68,,,,,
2022,7,East Dunbartonshire,27,,,,,
2022,7,East Lothian,43,,,,,
2022,7,East Renfrewshire,19,,,,,
2022,7,City of Edinburgh,218,,,,,
2022,7,Falkirk,88,,,,,
2022,7,Fife,247,,,,,
2022,7,Glasgow City,538,2.0,1.0,0.0,3.0,0.6666666666666666
2022,7,Highland,101,,,,,
2022,7,Inverclyde,42,,,,,
2022,7,Midlothian,31,,,,,
2022,7,Moray,47,,,,,
2022,7,North Ayrshire,101,,,,,
2022,7,North Lanarkshire,258,,,,,
2022,7,Orkney Islands,2,,,,,
2022,7,Perth and Kinross,59,,,,,
2022,7,Renfrewshire,78,,,,,
2022,7,Scottish Borders,51,,,,,
2022,7,Shetland Islands,7,,,,,
2022,7,South Ayrshire,62,,,,,
2022,7,South Lanarkshire,193,,,,,
2022,7,Stirling,36,,,,,
2022,7,West Dunbartonshire,78,,,,,
2022,7,West Lothian,80,,,,,
2022,7,Na h-Eileanan Siar,10,,,,,
2022,8,Aberdeen City,86,,,,,
2022,8,Aberdeenshire,60,,,,,
2022,8,Angus,36,,,,,
2022,8,Argyll and Bute,62,,,,,
2022,8,Clackmannanshire,43,,,,,
2022,8,Dumfries and Galloway,174,,,,,
2022,8,Dundee City,85,,,,,
2022,8,East Ayrshire,78,,,,,
2022,8,East Dunbartonshire,26,,,,,
2022,8,East Lothian,48,,,,,
2022,8,East Renfrewshire,19,,,,,
2022,8,City of Edinburgh,224,,,,,
2022,8,Falkirk,102,,,,,
2022,8,Fife,233,,,,,
2022,8,Glasgow City,593,,,,,
2022,8,Highland,114,,,,,
2022,8,Inverclyde,53,,,,,
2022,8,Midlothian,47,,,,,
2022,8,Moray,31,,,,,
2022,8,North Ayrshire,94,,,,,
2022,8,North Lanarkshire,275,,,,,
2022,8,Orkney Islands,5,,,,,
2022,8,Perth and Kinross,63,,,,,
2022,8,Renfrewshire,98,,,,,
2022,8,Scottish Borders,87,,,,,
2022,8,Shetland Islands,10,,,,,
2022,8,South Ayrshire,80,,,,,
2022,8,South Lanarkshire,213,,,,,
2022,8,Stirling,48,,,,,
2022,8,West Dunbartonshire,87,,,,,
2022,8,West Lothian,86,,,,,
2022,8,Na h-Eileanan Siar,14,,,,,
2022,9,Aberdeen City,104,,,,,
2022,9,Aberdeenshire,45,,,,,
2022,9,Angus,39,,,,,
2022,9,Argyll and Bute,54,,,,,
2022,9,Clackmannanshire,20,,,,,
2022,9,Dumfries and Galloway,150,,,,,
2022,9,Dundee City,81,,,,,
2022,9,East Ayrshire,78,,,,,
2022,9,East Dunbartonshire,23,,,,,
2022,9,East Lothian,40,,,,,
2022,9,East Renfrewshire,17,,,,,
2022,9,City of Edinburgh,186,,,,,
2022,9,Falkirk,88,,,,,
2022,9,Fife,243,,,,,
2022,9,Glasgow City,529,,,,,
2022,9,Highland,91,,,,,
2022,9,Inverclyde,37,,,,,
2022,9,Midlothian,38,,,,,
2022,9,Moray,33,,,,,
2022,9,North Ayrshire,79,,,,,
2022,9,North Lanarkshire,280,,,,,
2022,9,Orkney Islands,5,,,,,
2022,9,Perth and Kinross,51,,,,,
2022,9,Renfrewshire,89,,,,,
2022,9,Scottish Borders,59,,,,,
2022,9,Shetland Islands,8,,,,,
2022,9,South Ayrshire,75,,,,,
2022,9,South Lanarkshire,186,,,,,
2022,9,Stirling,48,,,,,
2022,9,West Dunbartonshire,75,,,,,
2022,9,West Lothian,67,,,,,
2022,9,Na h-Eileanan Siar,7,,,,,
2022,10,Aberdeen City,83,,,,,
2022,10,Aberdeenshire,71,,,,,
2022,10,Angus,38,,,,,
2022,10,Argyll and Bute,55,,,,,
2022,10,Clackmannanshire,39,,,,,
2022,10,Dumfries and Galloway,166,,,,,
2022,10,Dundee City,104,,,,,
2022,10,East Ayrshire,72,,,,,
2022,10,East Dunbartonshire,25,,,,,
2022,10,East Lothian,29,,,,,
2022,10,East Renfrewshire,21,,,,,
2022,10,City of Edinburgh,179,,,,,
2022,10,Falkirk,80,,,,,
2022,10,Fife,246,,,,,
2022,10,Glasgow City,405,,,,,
2022,10,Highland,90,,,,,
2022,10,Inverclyde,32,,,,,
2022,10,Midlothian,37,,,,,
2022,10,Moray,33,,,,,
2022,10,North Ayrshire,62,,,,,
2022,10,North Lanarkshire,208,,,,,
2022,10,Orkney Islands,4,,,,,
2022,10,Perth and Kinross,53,,,,,
2022,10,Renfrewshire,69,,,,,
2022,10,Scottish Borders,49,,,,,
2022,10,Shetland Islands,8,,,,,
2022,10,South Ayrshire,59,,,,,
2022,10,South Lanarkshire,179,,,,,
2022,10,Stirling,39,,,,,
2022,10,West Dunbartonshire,69,,,,,
2022,10,West Lothian,79,,,,,
2022,10,Na h-Eileanan Siar,4,,,,,
2022,11,Aberdeen City,100,,,,,
2022,11,Aberdeenshire,52,,,,,
2022,11,Angus,38,,,,,
2022,11,Argyll and Bute,48,,,,,
2022,11,Clackmannanshire,31,,,,,
2022,11,Dumfries and Galloway,137,,,,,
2022,11,Dundee City,82,,,,,
2022,11,East Ayrshire,68,,,,,
2022,11,East Dunbartonshire,25,,,,,
2022,11,East Lothian,32,,,,,
2022,11,East Renfrewshire,25,,,,,
2022,11,City of Edinburgh,199,,,,,
2022,11,Falkirk,95,,,,,
2022,11,Fife,205,,,,,
2022,11,Glasgow City,450,,,,,
2022,11,Highland,94,,,,,
2022,11,Inverclyde,39,,,,,
2022,11,Midlothian,40,,,,,
2022,11,Moray,35,,,,,
2022,11,North Ayrshire,99,,,,,
2022,11,North Lanarkshire,229,,,,,
2022,11,Orkney Islands,6,,,,,
2022,11,Perth and Kinross,56,,,,,
2022,11,Renfrewshire,102,,,,,
2022,11,Scottish Borders,48,,,,,
2022,11,Shetland Islands,4,,,,,
2022,11,South Ayrshire,88,,,,,
2022,11,South Lanarkshire,190,,,,,
2022,11,Stirling,57,,,,,
2022,11,West Dunbartonshire,81,,,,,
2022,11,West Lothian,84,,,,,
2022,11,Na h-Eileanan Siar,9,,,,,
2022,12,Aberdeen City,78,,,,,
2022,12,Aberdeenshire,45,,,,,
2022,12,Angus,39,,,,,
2022,12,Argyll and Bute,40,,,,,
2022,12,Clackmannanshire,26,,,,,
2022,12,Dumfries and Galloway,121,,,,,
2022,12,Dundee City,101,,,,,
2022,12,East Ayrshire,64,,,,,
2022,12,East Dunbartonshire,33,,,,,
2022,12,East Lothian,30,,,,,
2022,12,East Renfrewshire,25,,,,,
2022,12,City of Edinburgh,199,6.0,0.0,2.0,8.0,0.75
2022,12,Falkirk,70,,,,,
2022,12,Fife,209,1.0,0.0,0.0,1.0,1.0
2022,12,Glasgow City,478,0.0,1.0,0.0,1.0,0.0
2022,12,Highland,96,,,,,
2022,12,Inverclyde,36,,,,,
2022,12,Midlothian,35,,,,,
2022,12,Moray,36,,,,,
2022,12,North Ayrshire,95,,,,,
2022,12,North Lanarkshire,220,,,,,
2022,12,Orkney Islands,4,,,,,
2022,12,Perth and Kinross,42,,,,,
2022,12,Renfrewshire,76,,,,,
2022,12,Scottish Borders,45,,,,,
2022,12,Shetland Islands,5,,,,,
2022,12,South Ayrshire,60,,,,,
2022,12,South Lanarkshire,177,,,,,
2022,12,Stirling,52,,,,,
2022,12,West Dunbartonshire,43,,,,,
2022,12,West Lothian,74,,,,,
2022,12,Na h-Eileanan Siar,2,,,,,
2023,1,Aberdeen City,79,,,,,
2023,1,Aberdeenshire,64,,,,,
2023,1,Angus,35,,,,,
2023,1,Argyll and Bute,35,,,,,
2023,1,Clackmannanshire,23,,,,,
2023,1,Dumfries and Galloway,107,,,,,
2023,1,Dundee City,94,,,,,
2023,1,East Ayrshire,87,,,,,
2023,1,East Dunbartonshire,24,,,,,
2023,1,East Lothian,30,,,,,
2023,1,East Renfrewshire,26,,,,,
2023,1,City of Edinburgh,181,,,,,
2023,1,Falkirk,82,,,,,
2023,1,Fife,193,,,,,
2023,1,Glasgow City,439,,,,,
2023,1,Highland,98,,,,,
2023,1,Inverclyde,43,,,,,
2023,1,Midlothian,38,,,,,
2023,1,Moray,32,,,,,
2023,1,North Ayrshire,73,,,,,
2023,1,North Lanarkshire,253,,,,,
2023,1,Orkney Islands,3,,,,,
2023,1,Perth and Kinross,43,,,,,
2023,1,Renfrewshire,79,,,,,
2023,1,Scottish Borders,46,,,,,
2023,1,Shetland Islands,8,,,,,
2023,1,South Ayrshire,70,,,,,
2023,1,South Lanarkshire,217,,,,,
2023,1,Stirling,38,,,,,
2023,1,West Dunbartonshire,62,,,,,
2023,1,West Lothian,79,,,,,
2023,1,Na h-Eileanan Siar,10,,,,,
2023,2,Aberdeen City,71,,,,,
2023,2,Aberdeenshire,67,,,,,
2023,2,Angus,46,,,,,
2023,2,Argyll and Bute,61,,,,,
2023,2,Clackmannanshire,26,,,,,
2023,2,Dumfries and Galloway,124,,,,,
2023,2,Dundee City,77,,,,,
2023,2,East Ayrshire,74,,,,,
2023,2,East Dunbartonshire,28,,,,,
2023,2,East Lothian,29,,,,,
2023,2,East Renfrewshire,13,,,,,
2023,2,City of Edinburgh,168,,,,,
2023,2,Falkirk,73,,,,,
2023,2,Fife,169,,,,,
2023,2,Glasgow City,493,,,,,
2023,2,Highland,99,,,,,
2023,2,Inverclyde,27,,,,,
2023,2,Midlothian,29,,,,,
2023,2,Moray,21,,,,,
2023,2,North Ayrshire,56,,,,,
2023,2,North Lanarkshire,202,,,,,
2023,2,Orkney Islands,2,,,,,
2023,2,Perth and Kinross,46,,,,,
2023,2,Renfrewshire,81,,,,,
2023,2,Scottish Borders,42,,,,,
2023,2,Shetland Islands,2,,,,,
2023,2,South Ayrshire,46,,,,,
2023,2,South Lanarkshire,167,,,,,
2023,2,Stirling,35,,,,,
2023,2,West Dunbartonshire,51,,,,,
2023,2,West Lothian,76,,,,,
2023,2,Na h-Eileanan Siar,6,,,,,
2023,3,Aberdeen City,86,,,,,
2023,3,Aberdeenshire,44,,,,,
2023,3,Angus,30,,,,,
2023,3,Argyll and Bute,52,,,,,
2023,3,Clackmannanshire,27,,,,,
2023,3,Dumfries and Galloway,96,,,,,
2023,3,Dundee City,93,,,,,
2023,3,East Ayrshire,91,,,,,
2023,3,East Dunbartonshire,30,,,,,
2023,3,East Lothian,32,,,,,
2023,3,East Renfrewshire,18,,,,,
2023,3,City of Edinburgh,191,,,,,
2023,3,Falkirk,85,,,,,
2023,3,Fife,163,,,,,
2023,3,Glasgow City,477,,,,,
2023,3,Highland,91,,,,,
2023,3,Inverclyde,28,,,,,
2023,3,Midlothian,33,,,,,
2023,3,Moray,35,,,,,
2023,3,North Ayrshire,89,,,,,
2023,3,North Lanarkshire,226,,,,,
2023,3,Orkney Islands,3,,,,,
2023,3,Perth and Kinross,37,,,,,
2023,3,Renfrewshire,78,,,,,
2023,3,Scottish Borders,47,,,,,
2023,3,Shetland Islands,8,,,,,
2023,3,South Ayrshire,87,,,,,
2023,3,South Lanarkshire,191,,,,,
2023,3,Stirling,57,,,,,
2023,3,West Dunbartonshire,65,,,,,
2023,3,West Lothian,83,,,,,
2023,3,Na h-Eileanan Siar,8,,,,,
2023,4,Aberdeen City,89,,,,,
2023,4,Aberdeenshire,49,,,,,
2023,4,Angus,24,,,,,
2023,4,Argyll and Bute,44,,,,,
2023,4,Clackmannanshire,34,,,,,
2023,4,Dumfries and Galloway,128,,,,,
2023,4,Dundee City,76,,,,,
2023,4,East Ayrshire,71,,,,,
2023,4,East Dunbartonshire,25,,,,,
2023,4,East Lothian,37,,,,,
2023,4,East Renfrewshire,20,,,,,
2023,4,City of Edinburgh,138,,,,,
2023,4,Falkirk,98,,,,,
2023,4,Fife,179,,,,,
2023,4,Glasgow City,529,,,,,
2023,4,Highland,118,,,,,
2023,4,Inverclyde,34,,,,,
2023,4,Midlothian,56,,,,,
2023,4,Moray,23,,,,,
2023,4,North Ayrshire,87,,,,,
2023,4,North Lanarkshire,251,,,,,
2023,4,Orkney Islands,5,,,,,
2023,4,Perth and Kinross,56,,,,,
2023,4,Renfrewshire,85,,,,,
2023,4,Scottish Borders,40,,,,,
2023,4,Shetland Islands,3,,,,,
2023,4,South Ayrshire,88,,,,,
2023,4,South Lanarkshire,209,,,,,
2023,4,Stirling,42,,,,,
2023,4,West Dunbartonshire,75,,,,,
2023,4,West Lothian,67,,,,,
2023,4,Na h-Eileanan Siar,8,,,,,
2023,5,Aberdeen City,89,,,,,
2023,5,Aberdeenshire,70,,,,,
2023,5,Angus,32,,,,,
2023,5,Argyll and Bute,59,,,,,
2023,5,Clackmannanshire,31,,,,,
2023,5,Dumfries and Galloway,138,,,,,
2023,5,Dundee City,80,,,,,
2023,5,East Ayrshire,83,,,,,
2023,5,East Dunbartonshire,19,,,,,
2023,5,East Lothian,53,,,,,
2023,5,East Renfrewshire,23,,,,,
2023,5,City of Edinburgh,156,,,,,
2023,5,Falkirk,114,,,,,
2023,5,Fife,245,0.0,1.0,0.0,1.0,0.0
2023,5,Glasgow City,528,,,,,
2023,5,Highland,98,,,,,
2023,5,Inverclyde,56,,,,,
2023,5,Midlothian,33,,,,,
2023,5,Moray,35,,,,,
2023,5,North Ayrshire,96,,,,,
2023,5,North Lanarkshire,247,,,,,
2023,5,Orkney Islands,3,,,,,
2023,5,Perth and Kinross,38,1.0,0.0,2.0,3.0,0.3333333333333333
2023,5,Renfrewshire,96,,,,,
2023,5,Scottish Borders,61,,,,,
2023,5,Shetland Islands,4,,,,,
2023,5,South Ayrshire,70,,,,,
2023,5,South Lanarkshire,239,,,,,
2023,5,Stirling,50,,,,,
2023,5,West Dunbartonshire,82,,,,,
2023,5,West Lothian,107,,,,,
2023,5,Na h-Eileanan Siar,5,,,,,
2023,6,Aberdeen City,95,,,,,
2023,6,Aberdeenshire,56,,,,,
2023,6,Angus,41,,,,,
2023,6,Argyll and Bute,74,,,,,
2023,6,Clackmannanshire,40,,,,,
2023,6,Dumfries and Galloway,129,,,,,
2023,6,Dundee City,104,,,,,
2023,6,East Ayrshire,99,,,,,
2023,6,East Dunbartonshire,27,,,,,
2023,6,East Lothian,49,,,,,
2023,6,East Renfrewshire,23,,,,,
2023,6,City of Edinburgh,195,,,,,
2023,6,Falkirk,77,,,,,
2023,6,Fife,205,,,,,
2023,6,Glasgow City,547,,,,,
2023,6,Highland,89,,,,,
2023,6,Inverclyde,40,,,,,
2023,6,Midlothian,34,,,,,
2023,6,Moray,43,,,,,
2023,6,North Ayrshire,96,,,,,
2023,6,North Lanarkshire,296,,,,,
2023,6,Orkney Islands,5,,,,,
2023,6,Perth and Kinross,71,,,,,
2023,6,Renfrewshire,92,,,,,
2023,6,Scottish Borders,62,,,,,
2023,6,Shetland Islands,2,,,,,
2023,6,South Ayrshire,94,,,,,
2023,6,South Lanarkshire,228,,,,,
2023,6,Stirling,51,,,,,
2023,6,West Dunbartonshire,108,,,,,
2023,6,West Lothian,81,,,,,
2023,6,Na h-Eileanan Siar,5,,,,,
2023,7,Aberdeen City,91,,,,,
2023,7,Aberdeenshire,51,,,,,
2023,7,Angus,56,,,,,
2023,7,Argyll and Bute,72,,,,,
2023,7,Clackmannanshire,28,,,,,
2023,7,Dumfries and Galloway,118,,,,,
2023,7,Dundee City,97,,,,,
2023,7,East Ayrshire,75,,,,,
2023,7,East Dunbartonshire,23,,,,,
2023,7,East Lothian,38,,,,,
2023,7,East Renfrewshire,26,,,,,
2023,7,City of Edinburgh,249,,,,,
2023,7,Falkirk,84,,,,,
2023,7,Fife,231,,,,,
2023,7,Glasgow City,532,,,,,
2023,7,Highland,117,,,,,
2023,7,Inverclyde,40,,,,,
2023,7,Midlothian,44,,,,,
2023,7,Moray,42,,,,,
2023,7,North Ayrshire,113,,,,,
2023,7,North Lanarkshire,252,,,,,
2023,7,Orkney Islands,3,,,,,
2023,7,Perth and Kinross,57,,,,,
2023,7,Renfrewshire,95,,,,,
2023,7,Scottish Borders,62,,,,,
2023,7,Shetland Islands,5,,,,,
2023,7,South Ayrshire,79,,,,,
2023,7,South Lanarkshire,198,,,,,
2023,7,Stirling,51,,,,,
2023,7,West Dunbartonshire,82,,,,,
2023,7,West Lothian,93,,,,,
2023,7,Na h-Eileanan Siar,5,,,,,
2023,8,Aberdeen City,120,,,,,
2023,8,Aberdeenshire,44,,,,,
2023,8,Angus,51,,,,,
2023,8,Argyll and Bute,65,,,,,
2023,8,Clackmannanshire,31,,,,,
2023,8,Dumfries and Galloway,132,,,,,
2023,8,Dundee City,96,,,,,
2023,8,East Ayrshire,99,,,,,
2023,8,East Dunbartonshire,34,,,,,
2023,8,East Lothian,39,,,,,
2023,8,East Renfrewshire,14,,,,,
2023,8,City of Edinburgh,247,,,,,
2023,8,Falkirk,103,,,,,
2023,8,Fife,197,,,,,
2023,8,Glasgow City,480,,,,,
2023,8,Highland,132,,,,,
2023,8,Inverclyde,42,,,,,
2023,8,Midlothian,33,,,,,
2023,8,Moray,30,,,,,
2023,8,North Ayrshire,101,,,,,
2023,8,North Lanarkshire,230,,,,,
2023,8,Orkney Islands,5,,,,,
2023,8,Perth and Kinross,48,,,,,
2023,8,Renfrewshire,102,,,,,
2023,8,Scottish Borders,59,,,,,
2023,8,Shetland Islands,7,,,,,
2023,8,South Ayrshire,80,,,,,
2023,8,South Lanarkshire,186,,,,,
2023,8,Stirling,48,,,,,
2023,8,West Dunbartonshire,82,,,,,
2023,8,West Lothian,82,,,,,
2023,8,Na h-Eileanan Siar,3,,,,,
2023,9,Aberdeen City,80,,,,,
2023,9,Aberdeenshire,43,,,,,
2023,9,Angus,41,,,,,
2023,9,Argyll and Bute,70,0.0,0.0,1.0,1.0,0.0
2023,9,Clackmannanshire,32,,,,,
2023,9,Dumfries and Galloway,97,,,,,
2023,9,Dundee City,88,1.0,0.0,0.0,1.0,1.0
2023,9,East Ayrshire,101,,,,,
2023,9,East Dunbartonshire,17,,,,,
2023,9,East Lothian,50,,,,,
2023,9,East Renfrewshire,12,,,,,
2023,9,City of Edinburgh,224,0.0,1.0,0.0,1.0,0.0
2023,9,Falkirk,112,,,,,
2023,9,Fife,199,,,,,
2023,9,Glasgow City,479,0.0,1.0,0.0,1.0,0.0
2023,9,Highland,100,,,,,
2023,9,Inverclyde,39,,,,,
2023,9,Midlothian,40,,,,,
2023,9,Moray,31,,,,,
2023,9,North Ayrshire,103,,,,,
2023,9,North Lanarkshire,218,,,,,
2023,9,Orkney Islands,2,,,,,
2023,9,Perth and Kinross,54,,,,,
2023,9,Renfrewshire,92,,,,,
2023,9,Scottish Borders,62,,,,,
2023,9,Shetland Islands,1,,,,,
2023,9,South Ayrshire,77,,,,,
2023,9,South Lanarkshire,178,,,,,
2023,9,Stirling,47,,,,,
2023,9,West Dunbartonshire,66,,,,,
2023,9,West Lothian,90,,,,,
2023,9,Na h-Eileanan Siar,8,,,,,
2023,10,Aberdeen City,109,7.0,3.0,0.0,10.0,0.7
2023,10,Aberdeenshire,48,,,,,
2023,10,Angus,31,,,,,
2023,10,Argyll and Bute,75,,,,,
2023,10,Clackmannanshire,31,,,,,
2023,10,Dumfries and Galloway,89,,,,,
2023,10,Dundee City,83,,,,,
2023,10,East Ayrshire,87,,,,,
2023,10,East Dunbartonshire,19,,,,,
2023,10,East Lothian,45,,,,,
2023,10,East Renfrewshire,28,1.0,0.0,0.0,1.0,1.0
2023,10,City of Edinburgh,213,5.0,3.0,0.0,8.0,0.625
2023,10,Falkirk,85,1.0,0.0,0.0,1.0,1.0
2023,10,Fife,166,1.0,1.0,0.0,2.0,0.5
2023,10,Glasgow City,548,19.0,9.0,2.0,30.0,0.6333333333333333
2023,10,Highland,102,0.0,0.0,1.0,1.0,0.0
2023,10,Inverclyde,56,,,,,
2023,10,Midlothian,29,,,,,
2023,10,Moray,45,,,,,
2023,10,North Ayrshire,82,,,,,
2023,10,North Lanarkshire,232,,,,,
2023,10,Orkney Islands,5,,,,,
2023,10,Perth and Kinross,53,,,,,
2023,10,Renfrewshire,86,3.0,2.0,0.0,5.0,0.6
2023,10,Scottish Borders,58,,,,,
2023,10,Shetland Islands,2,,,,,
2023,10,South Ayrshire,80,,,,,
2023,10,South Lanarkshire,251,1.0,0.0,0.0,1.0,1.0
2023,10,Stirling,38,,,,,
2023,10,West Dunbartonshire,69,,,,,
2023,10,West Lothian,72,,,,,
2023,10,Na h-Eileanan Siar,2,,,,,
2023,11,Aberdeen City,85,,,,,
2023,11,Aberdeenshire,45,0.0,0.0,1.0,1.0,0.0
2023,11,Angus,31,,,,,
2023,11,Argyll and Bute,53,,,,,
2023,11,Clackmannanshire,30,,,,,
2023,11,Dumfries and Galloway,116,,,,,
2023,11,Dundee City,85,,,,,
2023,11,East Ayrshire,89,,,,,
2023,11,East Dunbartonshire,19,,,,,
2023,11,East Lothian,33,,,,,
2023,11,East Renfrewshire,23,,,,,
2023,11,City of Edinburgh,198,0.0,0.0,2.0,2.0,0.0
2023,11,Falkirk,74,,,,,
2023,11,Fife,194,,,,,
2023,11,Glasgow City,489,,,,,
2023,11,Highland,66,,,,,
2023,11,Inverclyde,49,,,,,
2023,11,Midlothian,35,,,,,
2023,11,Moray,34,,,,,
2023,11,North Ayrshire,92,,,,,
2023,11,North Lanarkshire,222,,,,,
2023,11,Orkney Islands,5,,,,,
2023,11,Perth and Kinross,44,,,,,
2023,11,Renfrewshire,82,,,,,
2023,11,Scottish Borders,48,,,,,
2023,11,Shetland Islands,9,,,,,
2023,11,South Ayrshire,78,,,,,
2023,11,South Lanarkshire,185,,,,,
2023,11,Stirling,50,,,,,
2023,11,West Dunbartonshire,71,,,,,
2023,11,West Lothian,86,,,,,
2023,11,Na h-Eileanan Siar,8,,,,,
2023,12,Aberdeen City,86,,,,,
2023,12,Aberdeenshire,70,,,,,
2023,12,Angus,33,,,,,
2023,12,Argyll and Bute,42,,,,,
2023,12,Clackmannanshire,30,,,,,
2023,12,Dumfries and Galloway,135,,,,,
2023,12,Dundee City,88,,,,,
2023,12,East Ayrshire,99,,,,,
2023,12,East Dunbartonshire,18,0.0,0.0,1.0,1.0,0.0
2023,12,East Lothian,57,0.0,1.0,0.0,1.0,0.0
2023,12,East Renfrewshire,27,,,,,
2023,12,City of Edinburgh,206,5.0,6.0,1.0,12.0,0.4166666666666667
2023,12,Falkirk,78,,,,,
2023,12,Fife,169,0.0,2.0,0.0,2.0,0.0
2023,12,Glasgow City,498,8.0,13.0,5.0,26.0,0.3076923076923077
2023,12,Highland,97,1.0,0.0,0.0,1.0,1.0
2023,12,Inverclyde,34,,,,,
2023,12,Midlothian,36,,,,,
2023,12,Moray,31,,,,,
2023,12,North Ayrshire,85,0.0,1.0,0.0,1.0,0.0
2023,12,North Lanarkshire,187,1.0,2.0,0.0,3.0,0.3333333333333333
2023,12,Orkney Islands,5,,,,,
2023,12,Perth and Kinross,44,,,,,
2023,12,Renfrewshire,89,0.0,1.0,1.0,2.0,0.0
2023,12,Scottish Borders,49,0.0,1.0,0.0,1.0,0.0
2023,12,Shetland Islands,4,,,,,
2023,12,South Ayrshire,56,,,,,
2023,12,South Lanarkshire,214,,,,,
2023,12,Stirling,33,0.0,1.0,0.0,1.0,0.0
2023,12,West Dunbartonshire,67,,,,,
2023,12,West Lothian,92,0.0,0.0,1.0,1.0,0.0
2023,12,Na h-Eileanan Siar,4,,,,,
2024,1,Aberdeen City,106,1.0,0.0,0.0,1.0,1.0
2024,1,Aberdeenshire,45,,,,,
2024,1,Angus,35,,,,,
2024,1,Argyll and Bute,54,1.0,0.0,0.0,1.0,1.0
2024,1,Clackmannanshire,44,,,,,
2024,1,Dumfries and Galloway,95,1.0,0.0,0.0,1.0,1.0
2024,1,Dundee City,85,1.0,1.0,0.0,2.0,0.5
2024,1,East Ayrshire,95,0.0,1.0,0.0,1.0,0.0
2024,1,East Dunbartonshire,25,,,,,
2024,1,East Lothian,23,,,,,
2024,1,East Renfrewshire,24,,,,,
2024,1,City of Edinburgh,189,14.0,8.0,8.0,30.0,0.4666666666666667
2024,1,Falkirk,84,0.0,1.0,0.0,1.0,0.0
2024,1,Fife,182,3.0,2.0,0.0,5.0,0.6
2024,1,Glasgow City,521,21.0,9.0,0.0,30.0,0.7
2024,1,Highland,72,0.0,1.0,0.0,1.0,0.0
2024,1,Inverclyde,33,,,,,
2024,1,Midlothian,31,,,,,
2024,1,Moray,28,,,,,
2024,1,North Ayrshire,104,,,,,
2024,1,North Lanarkshire,197,1.0,0.0,0.0,1.0,1.0
2024,1,Orkney Islands,5,,,,,
2024,1,Perth and Kinross,49,,,,,
2024,1,Renfrewshire,81,1.0,0.0,0.0,1.0,1.0
2024,1,Scottish Borders,46,1.0,3.0,0.0,4.0,0.25
2024,1,Shetland Islands,7,,,,,
2024,1,South Ayrshire,68,1.0,0.0,0.0,1.0,1.0
2024,1,South Lanarkshire,196,1.0,1.0,0.0,2.0,0.5
2024,1,Stirling,55,,,,,
2024,1,West Dunbartonshire,50,0.0,1.0,0.0,1.0,0.0
2024,1,West Lothian,81,,,,,
2024,1,Na h-Eileanan Siar,4,,,,,
2024,2,Aberdeen City,78,,,,,
2024,2,Aberdeenshire,46,,,,,
2024,2,Angus,37,,,,,
2024,2,Argyll and Bute,48,,,,,
2024,2,Clackmannanshire,22,,,,,
2024,2,Dumfries and Galloway,117,,,,,
2024,2,Dundee City,66,,,,,
2024,2,East Ayrshire,82,,,,,
2024,2,East Dunbartonshire,31,,,,,
2024,2,East Lothian,39,,,,,
2024,2,East Renfrewshire,16,,,,,
2024,2,City of Edinburgh,166,1.0,2.0,0.0,3.0,0.3333333333333333
2024,2,Falkirk,72,,,,,
2024,2,Fife,133,,,,,
2024,2,Glasgow City,501,6.0,3.0,2.0,11.0,0.5454545454545454
2024,2,Highland,61,,,,,
2024,2,Inverclyde,20,,,,,
2024,2,Midlothian,24,,,,,
2024,2,Moray,38,2.0,0.0,0.0,2.0,1.0
2024,2,North Ayrshire,78,0.0,0.0,1.0,1.0,0.0
2024,2,North Lanarkshire,228,1.0,1.0,0.0,2.0,0.5
2024,2,Orkney Islands,2,,,,,
2024,2,Perth and Kinross,40,,,,,
2024,2,Renfrewshire,80,,,,,
2024,2,Scottish Borders,68,,,,,
2024,2,Shetland Islands,3,,,,,
2024,2,South Ayrshire,77,,,,,
2024,2,South Lanarkshire,171,,,,,
2024,2,Stirling,55,1.0,2.0,1.0,4.0,0.25
2024,2,West Dunbartonshire,48,0.0,1.0,0.0,1.0,0.0
2024,2,West Lothian,67,,,,,
2024,2,Na h-Eileanan Siar,10,,,,,
2024,3,Aberdeen City,83,1.0,1.0,0.0,2.0,0.5
2024,3,Aberdeenshire,63,0.0,1.0,0.0,1.0,0.0
2024,3,Angus,26,,,,,
2024,3,Argyll and Bute,55,0.0,0.0,1.0,1.0,0.0
2024,3,Clackmannanshire,18,,,,,
2024,3,Dumfries and Galloway,125,,,,,
2024,3,Dundee City,95,,,,,
2024,3,East Ayrshire,98,,,,,
2024,3,East Dunbartonshire,23,,,,,
2024,3,East Lothian,20,,,,,
2024,3,East Renfrewshire,21,,,,,
2024,3,City of Edinburgh,172,1.0,4.0,0.0,5.0,0.2
2024,3,Falkirk,85,,,,,
2024,3,Fife,164,0.0,1.0,0.0,1.0,0.0
2024,3,Glasgow City,548,1.0,4.0,2.0,7.0,0.1428571428571428
2024,3,Highland,94,,,,,
2024,3,Inverclyde,36,,,,,
2024,3,Midlothian,30,,,,,
2024,3,Moray,28,,,,,
2024,3,North Ayrshire,97,0.0,1.0,0.0,1.0,0.0
2024,3,North Lanarkshire,211,,,,,
2024,3,Orkney Islands,2,,,,,
2024,3,Perth and Kinross,43,0.0,1.0,0.0,1.0,0.0
2024,3,Renfrewshire,88,,,,,
2024,3,Scottish Borders,42,,,,,
2024,3,Shetland Islands,4,,,,,
2024,3,South Ayrshire,64,,,,,
2024,3,South Lanarkshire,203,0.0,1.0,0.0,1.0,0.0
2024,3,Stirling,34,,,,,
2024,3,West Dunbartonshire,73,,,,,
2024,3,West Lothian,85,,,,,
2024,3,Na h-Eileanan Siar,8,,,,,
2024,4,Aberdeen City,96,,,,,
2024,4,Aberdeenshire,52,1.0,0.0,0.0,1.0,1.0
2024,4,Angus,44,,,,,
2024,4,Argyll and Bute,52,,,,,
2024,4,Clackmannanshire,43,,,,,
2024,4,Dumfries and Galloway,111,0.0,1.0,0.0,1.0,0.0
2024,4,Dundee City,70,,,,,
2024,4,East Ayrshire,70,,,,,
2024,4,East Dunbartonshire,25,,,,,
2024,4,East Lothian,43,1.0,0.0,0.0,1.0,1.0
2024,4,East Renfrewshire,26,2.0,0.0,0.0,2.0,1.0
2024,4,City of Edinburgh,190,6.0,1.0,1.0,8.0,0.75
2024,4,Falkirk,74,,,,,
2024,4,Fife,153,2.0,1.0,0.0,3.0,0.6666666666666666
2024,4,Glasgow City,548,9.0,5.0,0.0,14.0,0.6428571428571429
2024,4,Highland,77,1.0,0.0,0.0,1.0,1.0
2024,4,Inverclyde,37,1.0,0.0,0.0,1.0,1.0
2024,4,Midlothian,41,,,,,
2024,4,Moray,41,,,,,
2024,4,North Ayrshire,89,,,,,
2024,4,North Lanarkshire,218,0.0,1.0,0.0,1.0,0.0
2024,4,Orkney Islands,3,,,,,
2024,4,Perth and Kinross,48,,,,,
2024,4,Renfrewshire,115,,,,,
2024,4,Scottish Borders,45,,,,,
2024,4,Shetland Islands,1,,,,,
2024,4,South Ayrshire,88,,,,,
2024,4,South Lanarkshire,196,0.0,1.0,0.0,1.0,0.0
2024,4,Stirling,36,,,,,
2024,4,West Dunbartonshire,65,,,,,
2024,4,West Lothian,72,2.0,0.0,0.0,2.0,1.0
2024,4,Na h-Eileanan Siar,5,,,,,
2024,5,Aberdeen City,103,1.0,1.0,1.0,3.0,0.3333333333333333
2024,5,Aberdeenshire,52,,,,,
2024,5,Angus,31,,,,,
2024,5,Argyll and Bute,74,,,,,
2024,5,Clackmannanshire,26,,,,,
2024,5,Dumfries and Galloway,162,0.0,2.0,1.0,3.0,0.0
2024,5,Dundee City,95,,,,,
2024,5,East Ayrshire,95,,,,,
2024,5,East Dunbartonshire,33,,,,,
2024,5,East Lothian,46,,,,,
2024,5,East Renfrewshire,31,0.0,0.0,1.0,1.0,0.0
2024,5,City of Edinburgh,212,4.0,5.0,1.0,10.0,0.4
2024,5,Falkirk,74,,,,,
2024,5,Fife,169,0.0,1.0,1.0,2.0,0.0
2024,5,Glasgow City,615,3.0,3.0,9.0,15.0,0.2
2024,5,Highland,109,,,,,
2024,5,Inverclyde,55,,,,,
2024,5,Midlothian,35,,,,,
2024,5,Moray,35,,,,,
2024,5,North Ayrshire,90,1.0,0.0,0.0,1.0,1.0
2024,5,North Lanarkshire,272,,,,,
2024,5,Orkney Islands,2,,,,,
2024,5,Perth and Kinross,48,,,,,
2024,5,Renfrewshire,118,0.0,0.0,1.0,1.0,0.0
2024,5,Scottish Borders,59,,,,,
2024,5,Shetland Islands,4,,,,,
2024,5,South Ayrshire,85,,,,,
2024,5,South Lanarkshire,232,2.0,0.0,0.0,2.0,1.0
2024,5,Stirling,50,,,,,
2024,5,West Dunbartonshire,86,,,,,
2024,5,West Lothian,101,,,,,
2024,5,Na h-Eileanan Siar,7,,,,,
2024,6,Aberdeen City,102,1.0,2.0,1.0,4.0,0.25
2024,6,Aberdeenshire,46,,,,,
2024,6,Angus,47,,,,,
2024,6,Argyll and Bute,59,,,,,
2024,6,Clackmannanshire,31,,,,,
2024,6,Dumfries and Galloway,133,0.0,1.0,0.0,1.0,0.0
2024,6,Dundee City,117,0.0,0.0,1.0,1.0,0.0
2024,6,East Ayrshire,63,0.0,0.0,1.0,1.0,0.0
2024,6,East Dunbartonshire,31,,,,,
2024,6,East Lothian,43,,,,,
2024,6,East Renfrewshire,23,,,,,
2024,6,City of Edinburgh,179,2.0,1.0,4.0,7.0,0.2857142857142857
2024,6,Falkirk,95,0.0,1.0,0.0,1.0,0.0
2024,6,Fife,151,1.0,1.0,1.0,3.0,0.3333333333333333
2024,6,Glasgow City,535,2.0,1.0,1.0,4.0,0.5
2024,6,Highland,99,1.0,3.0,1.0,5.0,0.2
2024,6,Inverclyde,32,0.0,4.0,1.0,5.0,0.0
2024,6,Midlothian,34,,,,,
2024,6,Moray,39,,,,,
2024,6,North Ayrshire,92,,,,,
2024,6,North Lanarkshire,215,,,,,
2024,6,Orkney Islands,4,,,,,
2024,6,Perth and Kinross,39,,,,,
2024,6,Renfrewshire,110,,,,,
2024,6,Scottish Borders,47,0.0,1.0,0.0,1.0,0.0
2024,6,Shetland Islands,4,,,,,
2024,6,South Ayrshire,72,1.0,0.0,0.0,1.0,1.0
2024,6,South Lanarkshire,203,2.0,1.0,1.0,4.0,0.5
2024,6,Stirling,49,,,,,
2024,6,West Dunbartonshire,65,,,,,
2024,6,West Lothian,93,1.0,1.0,0.0,2.0,0.5
2024,6,Na h-Eileanan Siar,8,,,,,
2024,7,Aberdeen City,112,,,,,
2024,7,Aberdeenshire,55,,,,,
2024,7,Angus,37,,,,,
2024,7,Argyll and Bute,57,,,,,
2024,7,Clackmannanshire,26,,,,,
2024,7,Dumfries and Galloway,135,,,,,
2024,7,Dundee City,100,0.0,1.0,0.0,1.0,0.0
2024,7,East Ayrshire,88,,,,,
2024,7,East Dunbartonshire,26,,,,,
2024,7,East Lothian,39,,,,,
2024,7,East Renfrewshire,19,,,,,
2024,7,City of Edinburgh,192,1.0,1.0,0.0,2.0,0.5
2024,7,Falkirk,88,,,,,
2024,7,Fife,198,1.0,0.0,0.0,1.0,1.0
2024,7,Glasgow City,645,0.0,1.0,0.0,1.0,0.0
2024,7,Highland,100,,,,,
2024,7,Inverclyde,29,,,,,
2024,7,Midlothian,26,,,,,
2024,7,Moray,37,,,,,
2024,7,North Ayrshire,101,,,,,
2024,7,North Lanarkshire,260,0.0,1.0,0.0,1.0,0.0
2024,7,Orkney Islands,5,,,,,
2024,7,Perth and Kinross,50,,,,,
2024,7,Renfrewshire,114,,,,,
2024,7,Scottish Borders,49,0.0,1.0,0.0,1.0,0.0
2024,7,Shetland Islands,3,,,,,
2024,7,South Ayrshire,64,,,,,
2024,7,South Lanarkshire,212,,,,,
2024,7,Stirling,42,,,,,
2024,7,West Dunbartonshire,68,,,,,
2024,7,West Lothian,108,,,,,
2024,7,Na h-Eileanan Siar,6,,,,,
2024,8,Aberdeen City,83,0.0,2.0,1.0,3.0,0.0
2024,8,Aberdeenshire,54,0.0,1.0,0.0,1.0,0.0
2024,8,Angus,46,,,,,
2024,8,Argyll and Bute,57,,,,,
2024,8,Clackmannanshire,23,,,,,
2024,8,Dumfries and Galloway,116,,,,,
2024,8,Dundee City,89,0.0,2.0,2.0,4.0,0.0
2024,8,East Ayrshire,94,,,,,
2024,8,East Dunbartonshire,22,0.0,1.0,0.0,1.0,0.0
2024,8,East Lothian,39,1.0,2.0,0.0,3.0,0.3333333333333333
2024,8,East Renfrewshire,30,,,,,
2024,8,City of Edinburgh,213,2.0,3.0,3.0,8.0,0.25
2024,8,Falkirk,77,,,,,
2024,8,Fife,181,1.0,2.0,0.0,3.0,0.3333333333333333
2024,8,Glasgow City,539,9.0,13.0,5.0,27.0,0.3333333333333333
2024,8,Highland,97,,,,,
2024,8,Inverclyde,52,,,,,
2024,8,Midlothian,42,0.0,1.0,0.0,1.0,0.0
2024,8,Moray,26,,,,,
2024,8,North Ayrshire,109,,,,,
2024,8,North Lanarkshire,260,1.0,0.0,0.0,1.0,1.0
2024,8,Orkney Islands,2,,,,,
2024,8,Perth and Kinross,42,,,,,
2024,8,Renfrewshire,104,2.0,1.0,0.0,3.0,0.6666666666666666
2024,8,Scottish Borders,38,0.0,1.0,0.0,1.0,0.0
2024,8,Shetland Islands,5,,,,,
2024,8,South Ayrshire,97,,,,,
2024,8,South Lanarkshire,213,1.0,1.0,1.0,3.0,0.3333333333333333
2024,8,Stirling,33,0.0,0.0,1.0,1.0,0.0
2024,8,West Dunbartonshire,65,,,,,
2024,8,West Lothian,87,0.0,0.0,1.0,1.0,0.0
2024,8,Na h-Eileanan Siar,9,,,,,
2024,9,Aberdeen City,123,,,,,
2024,9,Aberdeenshire,56,,,,,
2024,9,Angus,35,,,,,
2024,9,Argyll and Bute,69,,,,,
2024,9,Clackmannanshire,28,,,,,
2024,9,Dumfries and Galloway,125,,,,,
2024,9,Dundee City,95,,,,,
2024,9,East Ayrshire,76,,,,,
2024,9,East Dunbartonshire,36,,,,,
2024,9,East Lothian,46,1.0,0.0,0.0,1.0,1.0
2024,9,East Renfrewshire,31,,,,,
2024,9,City of Edinburgh,161,,,,,
2024,9,Falkirk,56,,,,,
2024,9,Fife,165,,,,,
2024,9,Glasgow City,498,0.0,2.0,0.0,2.0,0.0
2024,9,Highland,91,,,,,
2024,9,Inverclyde,48,,,,,
2024,9,Midlothian,39,,,,,
2024,9,Moray,36,,,,,
2024,9,North Ayrshire,98,,,,,
2024,9,North Lanarkshire,241,,,,,
2024,9,Orkney Islands,1,,,,,
2024,9,Perth and Kinross,49,,,,,
2024,9,Renfrewshire,93,,,,,
2024,9,Scottish Borders,66,,,,,
2024,9,Shetland Islands,2,,,,,
2024,9,South Ayrshire,81,,,,,
2024,9,South Lanarkshire,223,,,,,
2024,9,Stirling,49,,,,,
2024,9,West Dunbartonshire,86,0.0,0.0,1.0,1.0,0.0
2024,9,West Lothian,117,,,,,
2024,9,Na h-Eileanan Siar,12,,,,,
2024,10,Aberdeen City,85,,,,,
2024,10,Aberdeenshire,56,,,,,
2024,10,Angus,41,,,,,
2024,10,Argyll and Bute,71,,,,,
2024,10,Clackmannanshire,25,,,,,
2024,10,Dumfries and Galloway,102,,,,,
2024,10,Dundee City,76,,,,,
2024,10,East Ayrshire,76,,,,,
2024,10,East Dunbartonshire,25,,,,,
2024,10,East Lothian,31,,,,,
2024,10,East Renfrewshire,35,,,,,
2024,10,City of Edinburgh,210,0.0,1.0,1.0,2.0,0.0
2024,10,Falkirk,79,0.0,0.0,1.0,1.0,0.0
2024,10,Fife,154,1.0,0.0,0.0,1.0,1.0
2024,10,Glasgow City,514,1.0,0.0,0.0,1.0,1.0
2024,10,Highland,86,,,,,
2024,10,Inverclyde,48,,,,,
2024,10,Midlothian,38,,,,,
2024,10,Moray,33,,,,,
2024,10,North Ayrshire,75,,,,,
2024,10,North Lanarkshire,223,,,,,
2024,10,Orkney Islands,5,,,,,
2024,10,Perth and Kinross,38,,,,,
2024,10,Renfrewshire,101,0.0,1.0,1.0,2.0,0.0
2024,10,Scottish Borders,50,1.0,0.0,1.0,2.0,0.5
2024,10,Shetland Islands,3,,,,,
2024,10,South Ayrshire,71,,,,,
2024,10,South Lanarkshire,187,,,,,
2024,10,Stirling,31,,,,,
2024,10,West Dunbartonshire,59,,,,,
2024,10,West Lothian,58,,,,,
2024,10,Na h-Eileanan Siar,7,,,,,
2024,11,Aberdeen City,84,,,,,
2024,11,Aberdeenshire,53,,,,,
2024,11,Angus,33,,,,,
2024,11,Argyll and Bute,57,,,,,
2024,11,Clackmannanshire,24,,,,,
2024,11,Dumfries and Galloway,117,0.0,1.0,0.0,1.0,0.0
2024,11,Dundee City,84,1.0,1.0,0.0,2.0,0.5
2024,11,East Ayrshire,82,,,,,
2024,11,East Dunbartonshire,23,,,,,
2024,11,East Lothian,33,,,,,
2024,11,East Renfrewshire,18,,,,,
2024,11,City of Edinburgh,193,1.0,1.0,1.0,3.0,0.3333333333333333
2024,11,Falkirk,89,,,,,
2024,11,Fife,174,1.0,2.0,0.0,3.0,0.3333333333333333
2024,11,Glasgow City,492,5.0,15.0,2.0,22.0,0.2272727272727272
2024,11,Highland,104,0.0,1.0,0.0,1.0,0.0
2024,11,Inverclyde,48,0.0,2.0,0.0,2.0,0.0
2024,11,Midlothian,36,,,,,
2024,11,Moray,45,,,,,
2024,11,North Ayrshire,83,1.0,0.0,0.0,1.0,1.0
2024,11,North Lanarkshire,238,0.0,3.0,0.0,3.0,0.0
2024,11,Orkney Islands,2,,,,,
2024,11,Perth and Kinross,51,,,,,
2024,11,Renfrewshire,109,0.0,2.0,0.0,2.0,0.0
2024,11,Scottish Borders,39,,,,,
2024,11,Shetland Islands,6,,,,,
2024,11,South Ayrshire,62,0.0,1.0,0.0,1.0,0.0
2024,11,South Lanarkshire,156,0.0,2.0,0.0,2.0,0.0
2024,11,Stirling,39,,,,,
2024,11,West Dunbartonshire,89,,,,,
2024,11,West Lothian,76,,,,,
2024,11,Na h-Eileanan Siar,8,,,,,
2024,12,Aberdeen City,110,1.0,0.0,0.0,1.0,1.0
2024,12,Aberdeenshire,60,,,,,
2024,12,Angus,44,,,,,
2024,12,Argyll and Bute,38,,,,,
2024,12,Clackmannanshire,17,1.0,0.0,0.0,1.0,1.0
2024,12,Dumfries and Galloway,88,1.0,0.0,1.0,2.0,0.5
2024,12,Dundee City,70,1.0,0.0,0.0,1.0,1.0
2024,12,East Ayrshire,73,0.0,1.0,0.0,1.0,0.0
2024,12,East Dunbartonshire,16,,,,,
2024,12,East Lothian,34,0.0,0.0,1.0,1.0,0.0
2024,12,East Renfrewshire,21,,,,,
2024,12,City of Edinburgh,203,6.0,6.0,2.0,14.0,0.4285714285714285
2024,12,Falkirk,103,,,,,
2024,12,Fife,162,3.0,4.0,1.0,8.0,0.375
2024,12,Glasgow City,580,16.0,4.0,3.0,23.0,0.6956521739130435
2024,12,Highland,99,3.0,0.0,0.0,3.0,1.0
2024,12,Inverclyde,30,,,,,
2024,12,Midlothian,26,,,,,
2024,12,Moray,32,,,,,
2024,12,North Ayrshire,92,3.0,1.0,0.0,4.0,0.75
2024,12,North Lanarkshire,228,1.0,1.0,0.0,2.0,0.5
2024,12,Orkney Islands,5,,,,,
2024,12,Perth and Kinross,51,1.0,1.0,0.0,2.0,0.5
2024,12,Renfrewshire,98,4.0,2.0,0.0,6.0,0.6666666666666666
2024,12,Scottish Borders,52,,,,,
2024,12,Shetland Islands,5,,,,,
2024,12,South Ayrshire,56,,,,,
2024,12,South Lanarkshire,207,8.0,0.0,0.0,8.0,1.0
2024,12,Stirling,45,,,,,
2024,12,West Dunbartonshire,67,,,,,
2024,12,West Lothian,70,,,,,
2024,12,Na h-Eileanan Siar,6,,,,,
